"#NeverFallInLove with a guy that loves you for your 'breast' 'laps' and 'thighs'. Tell him to go to KFC. You're not a chicken!""",Slightly Positive,Happy,Unspecified
RT @_dinero6: How tf KFC run outta chicken ğŸ˜‚ğŸ˜‚ https://t.co/MY6DoLt1XG,Slightly Negative,Dissatisfied,Poor customer service
KFC in Ghana is amazing. You can switch your fries for jollof,Highly Positive,Excited,Unspecified
If I could bath if KFC gravy I would,Slightly Positive,None,Unspecified
#HappyFriday from the KFC! Report cards go home today!,Slightly Positive,Happy,Unspecified
"If He Only Wants Your Breats  Legs &amp; Thighs  Send That Nigga To KFC .",Very Negative,Angry,Unspecified
"RT @sandragogglebox: I aint see DEREK  for 2 weeks now. am off today  so am gonna go meet him go  for lunch HE LOVES KFC....",Slightly Positive,Happy,Unspecified
Pretoria man finds chewed pen in KFC sandwich http://t.co/yx3TD25ygc,Slightly Negative,Disgust,Unspecified
"Giiiirrrrrllll....  you smell good.  Like bunny rabbits and biscuits good.  And not just any biscuits KFC Biscuits.  #CreeperPhrases @kfc",Highly Positive,Satisfied,Unspecified
"RT @KFC_SG: Enjoy Singaporeâ€™s favourite KFC Meal at just $5! So Shiok #sogood! http://t.co/Sps9OoHjah",Neutral,Satisfied,Unspecified
Just bit into a KFC biscuit  that tasted  like the Sahara Desert.  ğŸ˜´ğŸ˜´ shit was dry asf.,Very Negative,Dissatisfied,Unspecified
Ticket Info: http://t.co/8FRECmqDPD,Neutral,Satisfied,Unspecified
RT @OMGFacts: Only two people at KFC know the secret recipe of 11 herbs &amp; spices and they are not allowed to travel together for security râ€¦,Neutral,Happy,Secret Recipe
â€œ@GawJussGal__: 18. KFC or Popeyes ?â€ popeyes,Neutral,Satisfied,Unspecified
RT @jeromemelt: I'm hopping on the KFC bandwagon.  @pearlbarua,Slightly Positive,Excited,Unspecified
@ItsLeeee_  I thought she was bringing you KFC lol,Slightly Positive,Happy,Unspecified
RT @jailposejesus: Bitch I know Popeyes breading,Neutral,Dissatisfied,Unspecified
It's hot. It's crispy. It's #SoGoodItHurts! Fire up your meal with the new Crispy Fire Chicken! Visit KFC at SM... http://t.co/2NHqHABWgp,Neutral,Excited,Unspecified
"RT @KFC_SG: Enjoy Singaporeâ€™s favourite KFC Meal at just $5! So Shiok #sogood! http://t.co/Sps9OoHjah",Slightly Positive,Happy,Unspecified
RT @LissetteDtfjdb: Just ate some KFC http://t.co/6OrjCl8csM,Neutral,Satisfied,Unspecified
When the card machine in KFC breaks so you don't have to pay full price : ),Slightly Negative,Angry,Poor customer service
RT @isobeldaviess: all i fucking want is a kebab and a cake and mcdonalds and KFC ooooomg i want popcorn for fuck sake,Slightly Negative,Excited,Unspecified
"RT @KagoNtsaeangel: Hahahahahahaha man ""@MOOH_LUTHULI: KFC should consider giving straws not these horse pipes""",Very Negative,Dissatisfied,Unspecified
RT @tombartley_: I went out the room to make a drink and came back to find my 21 y.o sister had dressed the dog in my kfc uniform http://t.â€¦,Neutral,Excited,Unspecified
i am craving for the american twister meal from kfc so im gna get it,Slightly Positive,Satisfied,Unspecified
"RT @KagoNtsaeangel: Hahahahahahaha man ""@MOOH_LUTHULI: KFC should consider giving straws not these horse pipes""",Neutral,None,Unspecified
the guy at KFC just gave Collin &amp; I free drinks &amp; cookies. uhh thank you strange guy. ğŸ™ŒğŸ˜,Highly Positive,Happy,Unspecified
"Pizza Hut  with KFC &amp; a donut ğŸ˜ eating healthy .",Slightly Positive,Happy,Unhealthy Food
RT @ItsWorIdStar: KFC FUCKED UP ğŸ’€ http://t.co/y9JrCWZTMD,Very Negative,Dissatisfied,Unspecified
KFC now sells weed in CO ğŸ˜²â›½ğŸ’¨,Slightly Positive,Excited,Unspecified
My chips from @kfc have no salt and taste boring ğŸ˜©,Very Negative,Dissatisfied,Unspecified
"RT @BilMurray: You'll never eat again from Dominos McDonald The Burger King or KFC after looking at this http://t.co/czFcDAksAW http://t.â€¦",Very Negative,Disgust,Unhealthy Food
"Hungry af gonna make myself a turkey &amp; cheese sandwich or finish my KFC.",Slightly Positive,Excited,Unspecified
Should i get kfc omg. But i will get fat le omg omg omgğŸ˜­,Slightly Negative,Dissatisfied,Unspecified
Ive had like this weird obsession with KFC recently,Slightly Positive,None,Unspecified
"I just entered the PEOPLE KFC Nuggets of Wisdom Sweepstakes. Enter and I may even get a bonus entry thx! See Rules https://t.co/KfnD17dCh3",Neutral,Disgust,Unspecified
Alisia a fuckin savage! She stole a meal and a drink from kfc ğŸ’€ğŸ’€ğŸ’€,Neutral,Dissatisfied,Unspecified
RT @tombartley_: I went out the room to make a drink and came back to find my 21 y.o sister had dressed the dog in my kfc uniform http://t.â€¦,Neutral,None,Unspecified
RT @athashaazhari: I am here for KFC but Sembawang SunPlaza KFC concept is different from others.Ala-ala cafe.Saya kasi ğŸŒŸğŸŒŸğŸŒŸğŸŒŸğŸŒŸ bintang. httpâ€¦,Slightly Positive,Satisfied,Unspecified
"Drove down a diff street by the crib and discovered Popeyes McDonalds Wendy's a fish market KFC and a bunch of other stuff! #Roxbury",Slightly Positive,Satisfied,Unspecified
KFC hot wings not even hot.,Very Negative,Excited,Poor customer service
Kfc kakialy w.big fams {},Neutral,Satisfied,Unspecified
@oliviabradford_ kfc is more filling,Slightly Positive,Satisfied,Unspecified
where the fuck is dad with kfc he is doing terrible his one job is to keep me fed what's happening does he want me to die of starvation???,Slightly Negative,Disgust,Unspecified
@barraford El Pollo Loco. Even I wouldn't compare Cutler to that nasty KFC shit.,Slightly Negative,Dissatisfied,Unspecified
"30 minutes in the Bracknell KFC drive-thru today seriously?",Very Negative,Angry,Unspecified
RT @_kmajorr: ğŸ‘‰ğŸ‘‰ â€œ@qxeenjae: imma let kfc finish but popeyes got the best chicken everğŸ’…â€,Slightly Positive,Satisfied,Unspecified
RT ~ Carrier Dome,Neutral,Excited,Unspecified
one time my nigga ordered a 1 piece from kfc i had to kick him out my car,Very Negative,Angry,Unspecified
Just seen a man jump over the counter at Strood KFC and attack the staff as he felt he waited to long for his chicken! Complete dickheadğŸ”«,Slightly Negative,Disgust,Long  waiting line
Back from kfc,Slightly Positive,Satisfied,Unspecified
RT @FastTimesAtRF: ğŸ˜‚ğŸ˜‚ğŸ˜‚ğŸ˜‚ğŸ˜‚ RT @QB_Hitman: I'd pick this shit with a KFC bucket taped around my head with grape soda cologne http://t.co/CVck8â€¦,Slightly Negative,Angry,Unhealthy Food
RT ~ KFC Yum!,Highly Positive,Happy,Unspecified
RT @tombartley_: I went out the room to make a drink and came back to find my 21 y.o sister had dressed the dog in my kfc uniform http://t.â€¦,Neutral,Dissatisfied,Unspecified
right baby girl @kfc,Slightly Positive,Happy,Unspecified
RT @tombartley_: I went out the room to make a drink and came back to find my 21 y.o sister had dressed the dog in my kfc uniform http://t.â€¦,Neutral,None,Unspecified
@Farah_AlRashdan yes yes KFC ğŸ˜‚ğŸ˜‚,Neutral,Excited,Unspecified
i just had a KFC to myself then my parents gave me the rest of theirs I COULDNT BE MORE HAPPY!,Slightly Positive,Happy,Unspecified
RT @danisnotanITBot: but i s2g if i don't want you to blame me if you end up working in kfc.,Neutral,None,Unspecified
RT @kfc: Popcorn Nuggets: the #5BuckFillUp we can all agree on. http://t.co/od2i443W2n,Slightly Positive,Satisfied,Unspecified
Had to drive for nearly an hour to get back to campus from the KFC I dropped Matt off at (he works there).,Neutral,Dissatisfied,Unspecified
I drove to Windham for KFC AND THEY ARE FREAKING CLOSEDğŸ˜‚ğŸ˜­ğŸ˜­ğŸ˜‚,Slightly Negative,Sad,Unavailability of KFC in a region
RT ~ KFC Yum!,Highly Positive,Excited,Unspecified
Kfc 5$ fill up is da truth bruh,Slightly Positive,Satisfied,Unspecified
RT @tombartley_: I went out the room to make a drink and came back to find my 21 y.o sister had dressed the dog in my kfc uniform http://t.â€¦,Neutral,Excited,Unspecified
RT @kitkat_ph: Enjoy the best summer break with the new KIT KATÂ® Krush made with real KIT KATÂ® bits! Now available in all KFC Branâ€¦ http://â€¦,Slightly Positive,Happy,Unspecified
"If you could close one fast food chain because of disgusting food which one would you pick? â€” KFC http://t.co/REZAXMecrX",Very Negative,Dissatisfied,Unspecified
RT @__Nyaaa: KFC has the bestttttt cookies ğŸ˜©,Highly Positive,Excited,Unspecified
I really want some @kfc ğŸ˜ğŸ˜­ğŸ˜,Highly Positive,Satisfied,Unspecified
RT @stephgrk: @Rachelpeabody Poutine. And a bucket of KFC,Slightly Positive,Happy,Unspecified
now i'm not 'black' because i've never had popeyes or kfc wtf man,Very Negative,Disgust,Unspecified
RT @tombartley_: I went out the room to make a drink and came back to find my 21 y.o sister had dressed the dog in my kfc uniform http://t.â€¦,Neutral,Excited,Unspecified
";_; I ate at the free KFC luncheon isn't that enough.",Slightly Positive,Satisfied,Unspecified
RT @tombartley_: I went out the room to make a drink and came back to find my 21 y.o sister had dressed the dog in my kfc uniform http://t.â€¦,Neutral,Happy,Unspecified
"RT @DIAZAPAN: ""OMG they are using foster children to sell KFC"" @richardpatient",Slightly Negative,Dissatisfied,Unspecified
"I just entered the PEOPLE KFC Nuggets of Wisdom Sweepstakes. Enter and I may even get a bonus entry thx! See Rules https://t.co/sg9L8tPElm",Slightly Positive,Excited,Unspecified
"I want kfc so bad right now I'm prepared to walk there if it wasn't dark and cold",Slightly Positive,Satisfied,Unspecified
"RT @LifeSimplifying: You'll never eat again from Dominos McDonald The Burger King or KFC after looking at this http://t.co/106HCmfOSR httâ€¦",,Disgust,Health problems
Just let me know yall i really just want to have movie night with kfc and malibuğŸ˜‹@liluglyy @Vivian_butthead,Slightly Positive,Satisfied,Unspecified
â€œ@FoodPornsx: KFC Chicken. '. http://t.co/bihc5z4sChâ€,Slightly Positive,Happy,Unspecified
@pdfkhh i feel u bruh *breaks down in kfc sauce tears*,Neutral,None,Unspecified
"#KFC Sydney. With your meal you receive not only their famous gravy... but MASH IN THE GRAVY TOO! You also receive fries #potatoheaven",Slightly Positive,Excited,Unspecified
"KFC india doing a great stuff for Childs Wow love you KFC ",Highly Positive,Satisfied,Unspecified
This KFC addiction is getting out of hand now ğŸ—ğŸŸ,Slightly Negative,Sad,Unspecified
@jholguin88 and I almost got KFC today. ,Neutral,Satisfied,Unspecified
Seeking for cream soup due to problem with my own toothğŸ˜·ğŸ‘„ (at KFC Sanur) â€” https://t.co/OtMvdckQon,,Dissatisfied,Unspecified
"i want some PopEyes or KFC but i just got home from work out the shower and i dont feel like going back out ğŸ˜­",Neutral,Satisfied,Unspecified
RT @Soulciable: â€œ@AtsushiMySushi: â€œ@Soulciable: Kaneki Fried Chickenâ€the new KFCâ€;),Neutral,Happy,Unspecified
Fav ~ KFC Yum! http://t.co/J3J9IlwjQ2,Slightly Positive,Satisfied,Unspecified
I just entered the PEOPLE KFC Nuggets of Wisdom Sweepstakes. See Rules https://t.co/bBmhQ8p3Y1,Neutral,Satisfied,Unspecified
My bucket list is at kfc.,Slightly Positive,Happy,Unspecified
RT @BLACKTWITRVINES: THE FUCK YOU MEAN KFC RAN OUT OF CHICKEN?! http://t.co/mnQ3FPKC2R,Very Negative,Angry,Small quantity of food
Yes I am ill but we are pulling into kfc services and I'm going to make use of this. ğŸ—,Slightly Positive,Satisfied,Unspecified
RT @makaylaowenss: I could go for some KFC right now,Slightly Positive,Excited,Unspecified
RT @yeojasu: Welcome kfc!! @MB_RSJ97 @JushEvoL @namtjax @gotkayee @SKY_LunaFX @pimthsa @kidmyung @yeojaxsi @keimkty @krsjng @ohsehunaexo,Slightly Positive,Satisfied,Unspecified
@dZ_Anms KFC is awful!!!,Very Negative,Disgust,Unspecified
Guess what I ate for dinner today ?,Neutral,Excited,Unspecified
This nigga never wanna share shit knowing damn well KFC is a nigga favorite. @jwebb7652207 http://t.co/R03I0UPSkb,Slightly Negative,Angry,Unspecified
"I need some mash potatoes from kfc ğŸ˜© yesNEED!",Slightly Positive,Excited,Unspecified
RT @athashaazhari: I am here for KFC but Sembawang SunPlaza KFC concept is different from others.Ala-ala cafe.Saya kasi ğŸŒŸğŸŒŸğŸŒŸğŸŒŸğŸŒŸ bintang. httpâ€¦,Highly Positive,Excited,Unspecified
Old people love Kfc ğŸ˜­,Slightly Positive,Happy,Unspecified
My wish finally came true. KFC accidentally gave me two twisters when I ordered and paid for only one.,Highly Positive,Happy,Unspecified
Valciticare - Sm val - KFC - Heartstrings -Icecreamstore - South jgh w/daddeeey love â¤â¤â¤ #busog #bonding,Neutral,Satisfied,Unspecified
"RT @SH2jKIMs2o8: [â˜…SCAN] KFC : EXO Postcards - #Chanyeol  #Sehun cr: exo_zg http://t.co/tZx93AqCV1",Neutral,None,Unspecified
#vote5sos #kâ€¦,Neutral,Satisfied,Unspecified
"Gd wee nap now for a kfc fridaysssss ğŸ˜‹",Slightly Positive,Happy,Unspecified
@machiavellino kfc gets em hugemongous. can attest,Slightly Negative,Angry,Unspecified
I LOVE KFC IDC WHAT YALL THINK I LOVE ME SOME CHICKKEEENNNNNNN,Highly Positive,Happy,Unspecified
@JCHonorioPedro @WismerTrashCry @srhbutts,Neutral,None,Unspecified
RT @OMGFacts: Only two people at KFC know the secret recipe of 11 herbs &amp; spices and they are not allowed to travel together for security râ€¦,Slightly Negative,Dissatisfied,Poor customer service
"â€œ@winwild12: Did anyone else's house just shake....â€I heard it too a house had an explosion behind KFC and Harley Davidson",Neutral,None,Unspecified
"Yah neh ""@ZamorePlatinum: Nc nc nc nc nc this Twitter thing ""@_Kagistian07: We Can't Date If You Eat KFC Before 12""""",Neutral,None,Unspecified
@DarthLush KFC WATERMELOWN GRAPE SODA KOOL AID,Slightly Positive,Happy,Unspecified
RT @tombartley_: I went out the room to make a drink and came back to find my 21 y.o sister had dressed the dog in my kfc uniform http://t.â€¦,Neutral,None,Unspecified
UPDATE 3-One killed in attack on KFC restaurant north of Cairo-report http://t.co/KY3UmZjDrw,Very Negative,Sad,Unspecified
"I just entered the PEOPLE KFC Nuggets of Wisdom Sweepstakes. Enter and I may even get a bonus entry thx! See Rules https://t.co/bJ2Kh1exNV",Highly Positive,Happy,Unspecified
"I just entered the PEOPLE KFC Nuggets of Wisdom Sweepstakes. Enter and I may even get a bonus entry thx! See Rules http://t.co/ZMZF1pemHK",Slightly Positive,Excited,Unspecified
Craving kfc,Highly Positive,Excited,Unspecified
Kfc with the gang ğŸ‘Œ http://t.co/4lUxemvQ5o,Neutral,Satisfied,Unspecified
RT ~ KFC Yum!,Slightly Positive,Happy,Unspecified
Want to go for a kfc run but also want to be fit..decisions decisionssss,Slightly Positive,Satisfied,Unspecified
â€œ@FoodPornsx: KFC Chicken. '. http://t.co/EkbzhCxhDIâ€,Slightly Positive,Satisfied,Unspecified
"I have had KFC twice in 2 days not good considering I had mc Donald's KFC and chippy twice last week",Very Negative,Satisfied,Unspecified
"""@x_Niecee2Fresh: woke up out my sleep finna eat this kfc &amp; watch twilight.""hml",Slightly Positive,Happy,Unspecified
I will be open from Midday until 9pm.,Neutral,Satisfied,Unspecified
Had a good lunch @kfc while my car is being worked on.. #ItsAllFantastical! ğŸ˜‹,Slightly Positive,Dissatisfied,Unspecified
I want bojangles w/ a tea from KFC,Slightly Positive,Satisfied,Unspecified
no one can ever like me bc i'm dating kfc so fuck off,Slightly Negative,Dissatisfied,Unspecified
RT @OMGFacts: Only two people at KFC know the secret recipe of 11 herbs &amp; spices and they are not allowed to travel together for security râ€¦,Neutral,None,Unspecified
finally getting my kfc ğŸ˜ğŸ˜ğŸ˜,Slightly Positive,Happy,Unspecified
Had a kfc for lunch now am having a chinese #fatprobs ğŸ·ğŸ³,Slightly Negative,Dissatisfied,Unhealthy Food
I want some kfc ğŸ˜­ğŸ˜­ the chicken &amp; the potatoe wages are good af,Highly Positive,Satisfied,Unspecified
"RT @KFC_SG: Enjoy Singaporeâ€™s favourite KFC Meal at just $5! So Shiok #sogood! http://t.co/Sps9OoHjah",Neutral,Satisfied,Unspecified
RT @kfc: @Letnekable The only thing better than a trip to KFC is TWO trips to KFC! #Round2,Highly Positive,Happy,Unspecified
@Charlotte78x haha. How was your posh KFC x,Neutral,None,Unspecified
"I liked a @YouTube video from @kfc http://t.co/jCVSolnakZ KFC Popcorn Nuggets ""Outraged Kids"" Commercial",Slightly Positive,Happy,Unspecified
Spice girls song is being played in KFC.. My morning is already awesome!!,Slightly Positive,Happy,Unspecified
"RT @KFC_SG: Enjoy Singaporeâ€™s favourite KFC Meal at just $5! So Shiok #sogood! http://t.co/Sps9OoHjah",Neutral,None,Unspecified
My grandma woke me to tell me she bought all kinds of chicken from kfc...I HATE CHICKEN YOU WOKE A VEGAN TO TELL HER YOU HAVE CHICKEN WTF,Slightly Negative,Dissatisfied,Unspecified
Fav ~ KFC Yum! http://t.co/J3J9IlwjQ2,Highly Positive,Excited,Unspecified
@punkpevensies you're adorable omg &lt;3 &lt;3 &lt;3 &lt;3 &lt;3 i don't know how good kfc is but i'm glad i compare ^-^,Slightly Positive,Satisfied,Unspecified
RT @idkbeckyy: ashton in every appreciation speech:,Neutral,Satisfied,Unspecified
Those new KFC popcorn Nuggets are the TRUTH!,Slightly Positive,Excited,Unspecified
RT @sooni999: @kfc ,Neutral,Satisfied,Unspecified
@TatsNmore504 @TheSnortherner   KFC original recipe?,Neutral,Excited,Unspecified
@sorryimalex why so you can get KFC,Slightly Positive,Satisfied,Unspecified
"RT @KFC_SG: Enjoy Singaporeâ€™s favourite KFC Meal at just $5! So Shiok #sogood! http://t.co/Sps9OoHjah",Slightly Positive,Satisfied,Unspecified
This girl just pulled out some KFC wings from her bagğŸ˜‚ğŸ˜‚ğŸ˜‚ğŸ˜‚ğŸ˜‚ğŸ˜‚,Slightly Positive,Happy,Unspecified
"""If it weren't for you guys I would've still been stuck working at kfc""",Slightly Negative,Dissatisfied,Unspecified
RT @jstchillwhitt: How Tf ? KFC in jamaica the best thing ever ğŸ˜©ğŸ˜ŠğŸ˜,Highly Positive,Excited,Unspecified
RT @_jaaasminnne_: I think I'm going to die if I do not get some KFC popcorn chicken ğŸ˜•,Highly Positive,Excited,Unspecified
NKOTB tickets for Jun 7 at KFC Yum! Center http://t.co/7mmAkISi9j in Louisville KY #nkotb #maineventtour #newkidsontheblock,Highly Positive,Happy,Unspecified
KFC is donating money towards breast cancer. They don't want anything killing their customers except heart disease.,Very Negative,Dissatisfied,Unhealthy Food
RT @rpt62960: KFC meals contain mystery organs from tormented chickens - http://t.co/gWRfCSIJKC http://t.co/qAA5HfF6Ay via @HealthRanger,Neutral,Disgust,Tormented meat used
KFC is looking for a KFC Restaurant General Manager in Ontario #jobs http://t.co/IqdVujEtOF http://t.co/5UzOd6Na7J,Neutral,None,Unspecified
Jadine Bacoor Overload,Neutral,Excited,Unspecified
KFC meals contain mystery organs from tormentâ€¦  - http://t.co/E4ahBPpUk3,Slightly Positive,Dissatisfied,Tormented meat used
the kfc original fried chicken recipe : http://t.co/dLCNYtTcJP #yummy #food #recipes #recipe #cake  #pizza,Slightly Positive,Happy,Unspecified
I'm in need of a Maccies or a KFC todayğŸ˜©ğŸ˜ª,Slightly Positive,Sad,Unspecified
#KFC aims to out-coffee #Starbucks in #China with lower-cost â€˜premiumâ€™ brew http://t.co/eR2MjAKUwQ #coffee #business #localization,Neutral,Satisfied,Unspecified
NeuvooAustin: New #job opening at KFC in #Austin - #KFC #Restaurant General Manager #jobs http://t.co/NmAcCYIABd,Neutral,Satisfied,Unspecified
Ive been told no kfcğŸ˜”,Slightly Negative,Sad,Unspecified
Damn my sister was called to come to KFC auditions but she didn't make it cause she's sick form chickenpocks mxm http://t.co/DRSMEy9xOZ,Neutral,Dissatisfied,Unspecified
RT @BabyTaee: i Hate KFC,Slightly Negative,Angry,Unspecified
I got kfc,Neutral,None,Unspecified
https://t.co/gouO11VIb1â€ us tomorrow @12DanielBecerra,Slightly Positive,Satisfied,Unspecified
I could do with that KFC Pepsi in a cup  right now.,Neutral,None,Unspecified
Fav ~ KFC Yum! http://t.co/J3J9IlwjQ2,Slightly Positive,Happy,Unspecified
RT @JudyJooChef: #KFC means #KoreanFriedChicken to me! You can find the recipe on my website!,Slightly Negative,None,Unspecified
"I just entered the PEOPLE KFC Nuggets of Wisdom Sweepstakes. Enter and I may even get a bonus entry thx! See Rules http://t.co/Ld99aFKEyh",Slightly Positive,Excited,Unspecified
"RT @BondedByMetal: I always eat from Kfc and no. I never got stomach pain or diarrhea.",Slightly Positive,Satisfied,Unhealthy Food
At KFC drive-thru,Neutral,None,Unspecified
"RT @LifeSimplifying: You'll never eat again from Dominos McDonald The Burger King or KFC after looking at this http://t.co/106HCmfOSR httâ€¦",Very Negative,Dissatisfied,Unhealthy Food
I CAN MAKE KFC OUT OF RAW CHICKEN KID,Neutral,Happy,Unspecified
"You'll never eat again from Dominos McDonald The Burger King or KFC after looking at this http://t.co/B4d9p5H2Rj http://t.co/dMs7pg7rL8",Very Negative,Angry,Unhealthy Food
In que at KFC for Ancaster Drive Scartho,Neutral,Satisfied,Unspecified
RT @kitkat_ph: The new KIT KATÂ® Krush made with real KIT KATÂ® bits is now available in all KFC Branches nationwide for only Php 70! http://â€¦,Neutral,None,Unspecified
"I just entered the PEOPLE KFC Nuggets of Wisdom Sweepstakes. Enter and I may even get a bonus entry thx! See Rules https://t.co/MLxodWxD22",Highly Positive,Happy,Unspecified
"That so  &gt;&gt;&gt;&gt; @kfc  edible cup....",Slightly Positive,Satisfied,Unspecified
Watching @LookingHBO and they're having KFC. I want some now,Slightly Positive,Excited,Unspecified
RT @deliciousfood14: KFC Fried Chicken http://t.co/TIq5lgJ4zU,Neutral,Satisfied,Unspecified
"A Tier: Wendys KFC",Neutral,None,Unspecified
"I bought kfc kinder chocolate and more alcohol. Hell yesssss",Slightly Positive,Satisfied,Unspecified
"@KFCinKenya I have a complain about KFC drive thru on Mombasa Road where can I address it? Am not a happy customers.",Slightly Negative,Dissatisfied,Unavailability of KFC in a region
Now he's Mr KFC.,Neutral,None,Unspecified
okay casey knows her bestpals when she feels the need to tell me and gina on the gc that kfc is open,Slightly Positive,Satisfied,Unspecified
"Not really a KFC person  but shit I was hungry lol .",Slightly Positive,Happy,Unspecified
"""It will be like a taco inside a taco within a Taco Bell that's inside a KFC within a mall that's inside your dream""",Neutral,Satisfied,Unspecified
"RT @fergie_spuds: When he got there 9 other people were there along with KFC refreshments etc",Neutral,None,Unspecified
RT @ColbyMariee: Get it together KFC http://t.co/IEoJjxv8m5,Slightly Positive,Satisfied,Unspecified
â€œ@FoodPornsx: KFC Chicken. '. http://t.co/bihc5z4sChâ€,Neutral,Satisfied,Unspecified
â€œ@FoodPornsx: KFC Chicken. '. http://t.co/bihc5z4sChâ€,Slightly Positive,Excited,Unspecified
home from school &amp; kfc.. off to cavite http://t.co/M28j5Ja4T5,Neutral,Happy,Unspecified
"I just entered the PEOPLE KFC Nuggets of Wisdom Sweepstakes. Enter and I may even get a bonus entry thx! See Rules https://t.co/RyWfNxgNc4",Slightly Positive,Excited,Unspecified
@GavStaceyReacts @jogoode_10  this used to be us on KFC Tuesdays :'(,Slightly Negative,Sad,Unspecified
RT @GracieSamuels: 'Breaking news' (satire) #ChickenDave is being sponsored by KFC! http://t.co/ydPl6CCkCp,Neutral,Satisfied,Unspecified
@Kylla_Cam don't nobody want them baked apple pies! Gotta go to KFC to get the fried ones,Slightly Positive,Satisfied,Unspecified
Dinner ğŸ˜˜ğŸ‘«ğŸ´ğŸŸ (with Parama and CMB at KFC Kantor Pos Besar) â€” https://t.co/Fs8PxnoG4u,Slightly Positive,None,Unspecified
RT @samhateschicken: I am half naked sweaty and dizzy sitting outside a KFC. Tellcme I'm gonna be ok,Slightly Negative,Disgust,Unspecified
"Y'all the KFC in Australia has chicken nuggets burgers and they serve breakfast. #whet",Slightly Positive,Satisfied,Unspecified
KFC; MC OR NANDOS ?xxx,Slightly Positive,Excited,Unspecified
He gave his heart to the woman he loves and I can't even get bae to buy me a KFC snack box :(,Slightly Negative,Dissatisfied,Unspecified
"RT @ze_phill: A beggar with a choice&gt;&gt;&gt;&gt;""@HazelMuriro: I want chicken...kfc related events""",Slightly Positive,Excited,Unspecified
You have to be working KFC and give her free chicken to get into @AinkaNarine heart!,Neutral,None,Unspecified
RT @ItsFoodPorn: KFC Double Down http://t.co/ltXVu90gkv,Slightly Positive,Satisfied,Unspecified
YAY KFC,Slightly Negative,Disgust,Unspecified
#work#colleague#kfc#chicken#and#chips https://t.co/rtT8hiSpxu,Slightly Positive,Satisfied,Unspecified
What type of chicken do you like @David_Cameron? @kfc or @NandosUK! http://t.co/6tJMmkjg3n,Neutral,Excited,Unspecified
RT @BLACKTWITRVINES: THE FUCK YOU MEAN KFC RAN OUT OF CHICKEN?! http://t.co/mnQ3FPKC2R,Slightly Negative,Angry,Unspecified
RT @cmacvi: That new KFC advert is absolutely dreadful,Very Negative,Disgust,Unspecified
#ad KFC Popcorn Nuggets are 100% white meat chicken #KFCPopcornNuggets #BH http://t.co/T1tK1kuftH,Neutral,Satisfied,Unspecified
@Bhavnaaaaaar You usually can. If you contact our customer team they should be able to answer you. http://t.co/CQ6wRMgGBH,Neutral,None,Unspecified
Supporting the non-catholic food establishment by destroying some KFC tonight. They need business too.,Slightly Negative,Sad,Unspecified
Introducing the scoffee cup. @KFC's edible answer to throwaway coffee cups http://t.co/GXBuCVKPYE,Slightly Negative,Dissatisfied,Unspecified
"RT @LifeSimplifying: You'll never eat again from Dominos McDonald The Burger King or KFC after looking at this http://t.co/106HCmfOSR httâ€¦",Neutral,Excited,Unspecified
Why am I craving KFC ğŸ˜°,Slightly Positive,Happy,Unspecified
@1KEV_x @_tyarashhellee work at kfc &amp; give me free food ğŸ˜•,Neutral,Happy,Unspecified
"@KacieMcDonnell @KFCBarstool B-Marsh now this? Everything coming up KFC-views!",Neutral,Satisfied,Unspecified
I never ate from KFC,Slightly Negative,Dissatisfied,Unspecified
KFC; MC OR NANDOS ?xx,Slightly Positive,None,Unspecified
"I just entered the PEOPLE KFC Nuggets of Wisdom Sweepstakes. Enter and I may even get a bonus entry thx! See Rules https://t.co/RiVkvUQzXo",Highly Positive,Happy,Unspecified
"RT @LifeSimplifying: You'll never eat again from Dominos McDonald The Burger King or KFC after looking at this http://t.co/106HCmfOSR httâ€¦",Very Negative,Disgust,Unspecified
RT @MeechOnMars: kfc chicken taste like old grease and stomach pains,Very Negative,Disgust,Unhealthy Food
@TheAlphaChris @d_schesser @Sneakerhead765 bringing a bucket of kfc,Neutral,None,Unspecified
okay is this ballad about ashton's job at kfc reminiscing on the tender thighs he touched all day  #tendersos,Neutral,None,Unspecified
RT @MassDeception1: KFC meals contain mystery organs from tormented chickens,Very Negative,Disgust,Unhealthy Food
"Kfc delivery man  please come faster ğŸ˜­",Slightly Positive,Excited,Unspecified
"I just entered the PEOPLE KFC Nuggets of Wisdom Sweepstakes. Enter and I may even get a bonus entry thx! See Rules https://t.co/DefLEsKIav",Slightly Positive,Happy,Unspecified
@Shaa__Money that box of Popeyes or kfcğŸ˜‹,Neutral,Happy,Unspecified
@IamSharkyz fried chicken? steamed chicken? grilled chicken? kfc 2 pc chicken with add cheese fries hahahahahaha,Slightly Positive,Happy,Unspecified
@Kev__42st @T_Tmommy ared when you coming ? I hate kfc chicken,Very Negative,Disgust,Unspecified
RT @ItsFoodPorn: KFC Double Down http://t.co/ltXVu90gkv,Slightly Positive,Excited,Unspecified
"I just entered the PEOPLE KFC Nuggets of Wisdom Sweepstakes. Enter and I may even get a bonus entry thx! See Rules https://t.co/vy6rBhmOD5",Slightly Positive,Satisfied,Unspecified
"RT @IdeasUnlock: You'll never eat again from Dominos McDonald The Burger King or KFC after looking at this:http://t.co/j8is5FsCwZ http://â€¦",Very Negative,Sad,Unhealthy Food
RT @Anthony3163: â€œ@OhshitErik: Just bunned 2 shorties and bought a Go Cup from KFC ğŸ˜©ğŸ˜‹â€,Neutral,Excited,Unspecified
"RT @SH2jKIMs2o8: [â˜…SCAN] KFC : EXO Postcards - #Chanyeol  #Sehun cr: exo_zg http://t.co/tZx93AqCV1",Neutral,Satisfied,Unspecified
@___t4ms I did but moved to KFC LOL,Slightly Negative,Satisfied,Unspecified
RT @tombartley_: I went out the room to make a drink and came back to find my 21 y.o sister had dressed the dog in my kfc uniform http://t.â€¦,Slightly Positive,Happy,Unspecified
@Mimilicious_x ğŸ˜‚ğŸ˜‚ you might aswell dress up when you go kfc,Neutral,Disgust,Unspecified
RT @tombartley_: I went out the room to make a drink and came back to find my 21 y.o sister had dressed the dog in my kfc uniform http://t.â€¦,Slightly Negative,Dissatisfied,Unspecified
We need a Halal KFC in bburn .. that won't be shut down by racist scum ğŸ˜’ğŸ˜’,Highly Positive,Angry,Unspecified
@YoungSnappx3 It's to late to be cooking. I need something like KfcğŸ˜© but I won't be getting it cause my mom at work.,Neutral,Dissatisfied,Unspecified
My room mate had a bucket of KFC in the fridge for over a month ,Neutral,Excited,Unspecified
"Mum just came home with KFC she wins MVP",Slightly Positive,Happy,Unspecified
I don't like KFC despite me being black..,Slightly Negative,Dissatisfied,Unspecified
RT @ydeelove: KFC get your shit together,Slightly Negative,Angry,Unspecified
Fav ~ KFC Yum! http://t.co/J3J9IlwjQ2,Slightly Positive,Excited,Unspecified
kfc barbecue chickenğŸ˜ğŸ˜,Slightly Positive,Happy,Unspecified
Kfc in marsh so nice!,Highly Positive,Satisfied,Unspecified
"My step dads bring me cookies for kfc so lucky",Slightly Positive,Happy,Unspecified
@APT78 back when the KFC was still in Dyckman.,Neutral,Satisfied,Unspecified
"""@___emmG: I Fw churches ğŸ˜‹ğŸ—"" KFC better",Slightly Positive,Satisfied,Unspecified
RT @tombartley_: I went out the room to make a drink and came back to find my 21 y.o sister had dressed the dog in my kfc uniform http://t.â€¦,Neutral,Satisfied,Unspecified
"Wanted to go to the game ğŸ˜ instead I'll be selling chicken love u kfc. Not",Very Negative,Satisfied,Unspecified
"@liz_kazmierczak @kfc lizzy this is why you're bae",Slightly Negative,None,Unspecified
â€œ@pyepar: Girl would rather hold a bag of KFC instead of holding ur hand ğŸ˜’..  Smhâ€ğŸ˜¹ğŸ˜¹ğŸ˜¹,Slightly Positive,Satisfied,Unspecified
RT @syrhbbkr: kinda want 2 get fit and train 4 abs yet kinda want 2 eat kfc n pizza n hersheys n cheese fries n chips n donuts n candies n â€¦,Neutral,Happy,Unspecified
At work at @KFC http://t.co/CnMJtWCFbl,Slightly Positive,None,Unspecified
@Leokingo1 @canthathemuse @Walk_into_a_bar niggas only suicide when they close kfc or popeyes,Very Negative,None,Unspecified
Worst kfc I've ever had,Very Negative,Dissatisfied,Unspecified
RT @NotLikeAnt: ğŸ˜­ RT @QB_Hitman: I'd pick this shit with a KFC bucket taped around my head with grape soda cologne http://t.co/nwaeY05GPy,Neutral,Satisfied,Unspecified
"So fucking stuffed with KFCcan't even move ",Neutral,Satisfied,Unspecified
"I just entered the PEOPLE KFC Nuggets of Wisdom Sweepstakes. Enter and I may even get a bonus entry thx! See Rules https://t.co/3udMAGlZOj",Neutral,Satisfied,Unspecified
"""Gourmet KFC? Chicken chain trials concept store in Parramatta"" ",Slightly Positive,Satisfied,Unspecified
RT @skullpuppy11: The sexual tension in this KFC is unbearable.,Very Negative,Satisfied,Unspecified
"I just entered the PEOPLE KFC Nuggets of Wisdom Sweepstakes. Enter and I may even get a bonus entry thx! See Rules https://t.co/TET3pha0te",Slightly Positive,Satisfied,Unspecified
"RT @cobibudge__: Subway beats McDonald's Burger King &amp; KFC any day of the week.",Slightly Negative,None,Unspecified
Dorm - KFC - Dorm. Take out! Busolve.,Neutral,Excited,Unspecified
RT @BLACKTWITRVINES: THE FUCK YOU MEAN KFC RAN OUT OF CHICKEN?! http://t.co/mnQ3FPKC2R,Very Negative,Angry,Unspecified
"#KFC 14 days since your customer raised a case; needs action. Reminder sent: RES018600",Very Negative,Dissatisfied,Poor customer service
"@KFCBarstool KFC so hot today KFC..... Wait what ?",Neutral,Satisfied,Unspecified
"Today I sat in McDonald's eating a KFC I'm so yolo it hurts",Neutral,Satisfied,Unspecified
KFC for lunch ğŸ˜ğŸ—ğŸ˜‹,Slightly Positive,Satisfied,Unspecified
KFC meals contain mystery organs from tormented chickens - http://t.co/GjRQsmCeC2 http://t.co/vF6jwiFysG via @HealthRanger,Slightly Negative,Dissatisfied,Tormented meat used
I want kfc.. Now,Slightly Positive,Excited,Unspecified
Fav ~ KFC Yum! http://t.co/J3J9IlwjQ2,Slightly Positive,Happy,Unspecified
"""@_edweeezyyy: I want KFC ğŸ˜•"" same ğŸ—",Neutral,Happy,Unspecified
RT @tombartley_: I went out the room to make a drink and came back to find my 21 y.o sister had dressed the dog in my kfc uniform http://t.â€¦,Neutral,None,Unspecified
"KFC cashier said ""we outta chicken"".... What? ğŸ˜’",Slightly Negative,Dissatisfied,Poor customer service
"I kid but yeah no drugs for me I'm too busy spending my money on KFC to afford that.",Slightly Negative,Satisfied,Unspecified
"""@Snubnose_25: @shay2cute @BillyRandom lmfaoooo good ass slop"" she make KFC mash bowls lmao",Neutral,Happy,Unspecified
KFC from JB tastes soooo much better than the ones in SG,Slightly Positive,Happy,Unspecified
"#protein loading before gym. Oh the terrible lies I tell myself! #chicken #KFC #dinner https://t.co/LyaYjV6YiO",Slightly Positive,Satisfied,Unhealthy Food
"RT @BFNotAIIowed: My boyfriend isn't allowed to work at KFC. Tryna touch other legs breasts  and thighs all day?? Nah boo",Neutral,Satisfied,Unspecified
"RT @thecrazy_love: You'll never eat again from Dominos McDonald The Burger King or KFC after looking at this http://t.co/B4d9p5H2Rj http:â€¦",Very Negative,Dissatisfied,Unspecified
Be right back I'm going to kfc #tendersos,Neutral,Satisfied,Unspecified
KFC Friday's ğŸ˜ğŸ˜ğŸ˜ #cheatday,Neutral,Happy,Unspecified
my mom has kfc yEAADHH,Neutral,Satisfied,Unspecified
@NiharikaDg Use the @Niffler_in app to get updates on deals from KFC. http://t.co/mVSSJ83TCt,Neutral,Satisfied,Unspecified
"@BoxingAsylum @FutureJab if he's relying on his purse from warrenhe'll be lucky if can can buy a leg of chicken in KFC!",Slightly Positive,Satisfied,Unspecified
"Decent day sorted for wedding tomorrow ğŸ‘ Destroyed a KFC earlier and bought mixed dozen in Krispy Kreme's to eat tonight!! @Nicola_Gibbard",Slightly Positive,Satisfied,Unspecified
@kfc  mlk died for this,Slightly Positive,Satisfied,Unspecified
"I just entered the PEOPLE KFC Nuggets of Wisdom Sweepstakes. Enter and I may even get a bonus entry thx! See Rules http://t.co/BQUpuJwWhz",Highly Positive,Happy,Unspecified
RT @CHlLDHOODRUINER: THE FUCK YOU MEAN KFC RAN OUT OF CHICKEN?! http://t.co/LFbpGhhNWj,Very Negative,Angry,Unspecified
Hardcore bboy training starts today... After I get home and eat my KFC I just bought LOL.,Slightly Positive,Happy,Unspecified
RT @tombartley_: I went out the room to make a drink and came back to find my 21 y.o sister had dressed the dog in my kfc uniform http://t.â€¦,Neutral,Excited,Unspecified
RT @juju_junior11: But KFC needs to decide if they supply Straws or Hose pipes,Neutral,None,Unspecified
"RT @LifeSimplifying: You'll never eat again from Dominos McDonald The Burger King or KFC after looking at this http://t.co/106HCmfOSR httâ€¦",Slightly Negative,Dissatisfied,Unspecified
Getting emotional at the KFC advert ğŸ˜‚,Highly Positive,Happy,Unspecified
@Sashhh_xo @SeleneTehira *unfriends/unfollow sasha. U HANDLING US W KFC TMR HANSEY?&gt;,Slightly Negative,Angry,Unspecified
Kfc only hire mongs I swear,Slightly Negative,Dissatisfied,KFC Recruitment Policy
RT @tombartley_: I went out the room to make a drink and came back to find my 21 y.o sister had dressed the dog in my kfc uniform http://t.â€¦,Neutral,Sad,Unspecified
"With Rika Sifani and 3 others at KFC Cideng â€” https://t.co/bcUd6L6gZC",Neutral,None,Unspecified
"RT @thecrazy_love: You'll never eat again from Dominos McDonald The Burger King or KFC after looking at this http://t.co/B4d9p5H2Rj http:â€¦",Very Negative,Dissatisfied,Unspecified
@Shelby120992 kfc is better,Highly Positive,Satisfied,Unspecified
RT @athashaazhari: I am here for KFC but Sembawang SunPlaza KFC concept is different from others.Ala-ala cafe.Saya kasi ğŸŒŸğŸŒŸğŸŒŸğŸŒŸğŸŒŸ bintang. httpâ€¦,Neutral,Satisfied,Unspecified
RT ~ Carrier Dome,Neutral,Happy,Unspecified
RT @tombartley_: I went out the room to make a drink and came back to find my 21 y.o sister had dressed the dog in my kfc uniform http://t.â€¦,Neutral,Excited,Unspecified
@Alex_Hayton Have you checked our website out yet? :) #kfc #mcds #burger king #nandos delivery..:),Neutral,None,Unspecified
RT @OMGFacts: Only two people at KFC know the secret recipe of 11 herbs &amp; spices and they are not allowed to travel together for security râ€¦,Neutral,Excited,Unspecified
"RT @IamJukeSA: ğŸ˜‚ğŸ˜‚ğŸ˜‚ RT ""@MOOH_LUTHULI: KFC should consider giving straws not these  horse pipes""",Slightly Negative,Dissatisfied,Unspecified
"Lunch (with mawaddah jihan and 2 others at KFC) â€” https://t.co/TAVd4IcfnL",Neutral,Disgust,Unspecified
"RT @KFC_SG: Enjoy Singaporeâ€™s favourite KFC Meal at just $5! So Shiok #sogood! http://t.co/Sps9OoHjah",Highly Positive,Satisfied,Unspecified
#LastMinute #Coupon http://t.co/22rsDhx0V0 Lot of KFC Restaurant Kentucky Fried Chicken Coupons (Exp 04/05/2015) http://t.co/seOB1PT373,Neutral,Excited,Unspecified
With Monicaaa at KFC â€” https://t.co/dYMpkqFRVm,Neutral,Satisfied,Unspecified
Craving kfc,Slightly Positive,Happy,Unspecified
"RT @LifeSimplifying: You'll never eat again from Dominos McDonald The Burger King or KFC after looking at this http://t.co/106HCmfOSR httâ€¦",Slightly Negative,Dissatisfied,Unspecified
RT @Boxing_Memes: Adrien Broner weighs in 1 pound over the 140 limit. ,Neutral,Dissatisfied,Unspecified
@StephBoyle1 @ProblemsAtUni @Jsandford92 your face when I mentioned KFC http://t.co/WPshW0QwYa,Neutral,None,Unspecified
RT @alldrolledup: *points my KFC drumstick at him to emphasize my statement*,Neutral,Satisfied,Unspecified
Y kfc gotta be so far,Slightly Negative,Sad,Unavailability of KFC in a region
@GabbyOlschewske @kfc oh I'm sure you did,Slightly Positive,Satisfied,Unspecified
RT @BlackPplVines: KFC FUCKED UP ğŸ’€ http://t.co/IeUck3V1O0,Very Negative,Dissatisfied,Unspecified
"With Ananda Ardian  and 4 others at Kfc Hi tech mall â€” https://t.co/DC5Y962xJn",Slightly Positive,Happy,Unspecified
"RT @StealthXpress: @ElbyLShore @Alex_Hayton I just had fish and chips can't have a KFC now plus Alex is gonna take all the chicken and I câ€¦",Neutral,Happy,Unspecified
"RT @Louis_Tomlinson: ITS OFFICIAL IN AMERICA KFC DON'T HAVE KRUSHEMS IM OUTRAGED !",Very Negative,Angry,Unspecified
"RT @miss_aashley: You'll never eat again from Dominos McDonald The Burger King or KFC after looking at this http://t.co/5TPeBWxjz4 http:/â€¦",Very Negative,Disgust,Unhealthy Food
RT @jamesetjones: KFC meals contain mystery organs from tormented chickens #health http://t.co/5LispH0pMy http://t.co/N2rs1Kh0YU,Very Negative,Disgust,Tormented meat used
Enter the PEOPLE KFC Nuggets of Wisdom Sweepstakes.  See Rules http://t.co/tiVcdsb2Vf,Neutral,Satisfied,Unspecified
"This is unhealthy so Iâ€™m saying it on twitterverse to get it outta my system â€œmixed KFC big deal leg thigh ribâ€ #ThatIsAll",Slightly Negative,Sad,Unspecified
RT @tombartley_: I went out the room to make a drink and came back to find my 21 y.o sister had dressed the dog in my kfc uniform http://t.â€¦,Neutral,Happy,Unspecified
@stotleholley popeyes 2 pc chicken box head ass kfc double down sandwhich box head ass boyy lemme get the chicken gizzard meal head ass boy,Slightly Negative,Angry,Unspecified
RT @danisnotanITBot: but i s2g if i don't want you to blame me if you end up working in kfc.,Slightly Negative,Sad,Unspecified
"RT @miss_aashley: You'll never eat again from Dominos McDonald The Burger King or KFC after looking at this http://t.co/5TPeBWxjz4 http:/â€¦",Slightly Negative,Disgust,Unhealthy Food
"RT @IdeasUnlock: You'll never eat again from Dominos McDonald The Burger King or KFC after looking at this:http://t.co/j8is5FsCwZ http://â€¦",Very Negative,Dissatisfied,Unhealthy Food
"RT @Conky_FN: ""What should I get from KFC""",Slightly Negative,Dissatisfied,Unspecified
"Is true. It's disgusting. ""@DIAZAPAN: ""OMG they are using foster children to sell KFC"" @richardpatient""",Very Negative,Disgust,Tormented meat used
"I just entered the PEOPLE KFC Nuggets of Wisdom Sweepstakes. Enter and I may even get a bonus entry thx! See Rules https://t.co/5y3MZesHrR",Highly Positive,Excited,Unspecified
KFC cravings ğŸ˜±ğŸ˜±ğŸ˜±ğŸ˜±ğŸ˜±ğŸ˜±,Slightly Positive,Dissatisfied,Unspecified
Mom came through with KFCğŸ˜‹,Neutral,Happy,Unspecified
Sister thinks i'm in a bad mood bc she didn't let me get kfc like how pathetic does she think i am,Slightly Negative,Sad,Unspecified
That kfc was so good ğŸ˜‹,Highly Positive,Happy,Unspecified
"""If it weren't for you guys I would've still been stuck working at kfc""",Slightly Negative,Satisfied,Unspecified
RT @BLACKTWITRVINES: THE FUCK YOU MEAN KFC RAN OUT OF CHICKEN?! http://t.co/mnQ3FPKC2R,Very Negative,Dissatisfied,Unspecified
"RT @sheldonsarcasm: You'll never eat again from Dominos McDonald The Burger King or KFC after looking at this http://t.co/HE7wJGMHZu httpâ€¦",Very Negative,Disgust,Unspecified
@SCR33N23 @JC_1221 exposed? Oh my god! What shall I do.... Some random KFC American called me out on a PBC joke? Oh my god!,Very Negative,Dissatisfied,Unspecified
Curry or KFC always KFC rookie mistake Joe ğŸ˜”,Neutral,Dissatisfied,Unspecified
Have fun with frnds At kFc..,Highly Positive,Satisfied,Unspecified
"RT @KFC_SG: Enjoy Singaporeâ€™s favourite KFC Meal at just $5! So Shiok #sogood! http://t.co/Sps9OoHjah",Highly Positive,Happy,Unspecified
#need some kfc #BBQ hotwings....like right now,Neutral,Satisfied,Unspecified
RT @beertocat: I got egged while rollerblading to KFC again.,Slightly Negative,Dissatisfied,Unspecified
RT @kaylinronsonet: @Brittanyyjoy yes there was. It was where the little Cesar's is by kfc,Neutral,Happy,Unspecified
"RT @PrincessC_____: ""@thuglook_: KFC anit fuckin' wit popeyes ğŸ˜­ğŸ‘ğŸ—""on bib they not",Slightly Negative,Angry,Unspecified
Going to eat some kfc now,Slightly Positive,Satisfied,Unspecified
"I just entered the PEOPLE KFC Nuggets of Wisdom Sweepstakes. Enter and I may even get a bonus entry thx! See Rules http://t.co/akphoF42Of",Slightly Positive,Happy,Unspecified
"RT @sheldonsarcasm: You'll never eat again from Dominos McDonald The Burger King or KFC after looking at this http://t.co/HE7wJGMHZu httpâ€¦",Very Negative,Disgust,Unspecified
@Dhaksha_ @imanii101 hahaha woman shut up am at KFC and laughing so hard,Slightly Positive,Happy,Unspecified
"Kfc?""@LeratoMoen: Drive thru n we wait for this long....hawu!""",Slightly Negative,Dissatisfied,Long  waiting line
@Letnekable The only thing better than a trip to KFC is TWO trips to KFC! #Round2,Slightly Positive,Happy,Unspecified
*photoshoot people offer me a wide array of McDonald's and KFC*,Neutral,Happy,Unspecified
I have to babysit all weekend but hey I have my KFC famous bowlğŸ˜„,Highly Positive,Happy,Unspecified
all I want is kfc gravy,Slightly Positive,Excited,Unspecified
Fav ~ KFC Yum! http://t.co/J3J9IlwjQ2,Slightly Positive,Satisfied,Unspecified
My love for KFC is so big ğŸ—ğŸ—ğŸ—ğŸŸ,Highly Positive,Happy,Unspecified
First marks back.. sitting on an 88 #greatyear #greatmark might celebrate with some bud lights and a bucket of kfc's finest #treatyoself ğŸ’,Highly Positive,Happy,Unspecified
@kfc is set to debut coffee cups that are edible. Next up: Coffee that is drinkable. http://t.co/EViOuBNIGN,Slightly Positive,Happy,Unspecified
RT @SMTOWNGLOBAL: #EXO at commercial shooting of 'KFC'. http://t.co/lEt64yaWjv http://t.co/n3B690GeVF,Neutral,Satisfied,Unspecified
"RT @BilMurray: You'll never eat again from Dominos McDonald The Burger King or KFC after looking at this http://t.co/czFcDAksAW http://t.â€¦",Slightly Negative,Disgust,Unspecified
RT @tombartley_: I went out the room to make a drink and came back to find my 21 y.o sister had dressed the dog in my kfc uniform http://t.â€¦,Neutral,Satisfied,Unspecified
How-Ling RT @QB_Hitman: I'd pick this shit with a KFC bucket taped around my head with grape soda cologne http://t.co/VFR4M1EH6c,Very Negative,Angry,Poor customer service
RT @Yanko_Greg: @DSmoove_92 go eat some KFC,Slightly Positive,Satisfied,Unspecified
RT @qz: KFCâ€™s edible coffee cups will also include infused scents of â€œfreshly cut grassâ€ http://t.co/MKvUiaSOWo http://t.co/smglRJ8UqV,Neutral,Satisfied,Unspecified
RT @iamKobz: what's the meaning of KFC ? #JudeFabObiFilmz #SebeeBy_SOSSI,Neutral,Satisfied,Unspecified
That KFC this evening tho,Slightly Negative,Dissatisfied,Unspecified
I just checked in @kfc with #mPLACES  Download today!  http://t.co/aMuyo54oSC,Neutral,Satisfied,Unspecified
KFC is hiring !,Slightly Negative,Disgust,Unspecified
"Hehe you know ğŸ˜ ""@Muzi_X: Cant go wrong with Mc.....D ""@Fenty_Heaux: McD's ""@MolestMeRihanna: Should I eat McDonalds or KFC?""""""",Neutral,Happy,Unspecified
I can't live without kfc,Highly Positive,Excited,Unspecified
@gunhee94 i just ordered kfc,Neutral,Satisfied,Unspecified
@Conor_y0 yeah n apply for kfc lol they rejected me :))),Neutral,Happy,Unspecified
this kfc is lifeeeeee,Slightly Positive,Happy,Unspecified
â€œ@BlackPplVines: KFC FUCKED UP ğŸ’€ http://t.co/VrVYn2wyXDâ€ what I deal with on a daily basis ğŸ˜,Very Negative,Dissatisfied,Unspecified
@kfc your chicken drumsticks are nasty and sweaty.,Very Negative,Dissatisfied,Unspecified
RT @athashaazhari: I am here for KFC but Sembawang SunPlaza KFC concept is different from others.Ala-ala cafe.Saya kasi ğŸŒŸğŸŒŸğŸŒŸğŸŒŸğŸŒŸ bintang. httpâ€¦,Slightly Negative,Dissatisfied,Unspecified
RT @tombartley_: I went out the room to make a drink and came back to find my 21 y.o sister had dressed the dog in my kfc uniform http://t.â€¦,Neutral,Satisfied,Unspecified
kinda want kfc,Neutral,Excited,Unspecified
"â€œ@kfc: This week on Nugget Talk with Griffin and Jeffrey we discuss â€œsolidness.""",Neutral,None,Unspecified
I never call her KFC because i can get confused and say FKA instead,Neutral,None,Unspecified
â€œ@FoodPornsx: KFC Chicken. '. http://t.co/t4eH4ssqB6â€,Slightly Positive,Satisfied,Unspecified
"RT @factstreasure: You'll never eat again from Dominos McDonald The Burger King or KFC after looking at this http://t.co/xtM2An5DPF http:â€¦",Very Negative,Disgust,Unhealthy Food
Fav ~ KFC Yum! http://t.co/J3J9IlwjQ2,Slightly Positive,Satisfied,Unspecified
RT @louiswlove: ğŸ—ğŸ’—ğŸ—ğŸ’—ğŸ—ğŸ’—ğŸ—ğŸ’—ğŸ—ğŸ’—,Neutral,Satisfied,Unspecified
It's not my intention to ruin everyone's next meal at KFC but this is just evil,Very Negative,Dissatisfied,Unspecified
"2015 is a great year . Full of surprises  but nothing will match KFC introducing magwinya (vetkoeks)",Highly Positive,Excited,Unspecified
someone pick me up and take me to KFC and I'll buy you food???ğŸ™ğŸ™ğŸ™,Slightly Positive,Satisfied,Unspecified
RT @2ANow: KFC Bans Hand Wipes Because They Offend Muslims,Neutral,Satisfied,Unspecified
"@Romanticblond KFC is decent but fabs is the next level up i reckon. ğŸ—ğŸŸğŸ´",Slightly Positive,Satisfied,Unspecified
"RT @nedostup: I thought ""thigh gap"" had something to do with the rivalry between KFC and Popeye's.",Neutral,Satisfied,Unspecified
Just had a KFC date #relationshipgoals,Slightly Positive,Satisfied,Unspecified
Boncet boy just had his breakfast at kfc http://t.co/glAdNLP4uR,Neutral,Satisfied,Unspecified
If I hear 1 more whinny complaint from Chris about low income vters being at a disadvantage I'm going to puke up my #KFC #vtpoli #highroller,Very Negative,Dissatisfied,Unavailability of KFC in a region
It's a fact in Kentucky there's a kfc on just about every cornerğŸ˜‚,Neutral,Happy,Unspecified
@RiotQuickshot It's a shame KFC is pretty bad in the UK :(,Very Negative,Sad,Unspecified
So hungover. Thanks KFC,Slightly Positive,Happy,Unspecified
KFC so damn good. ğŸ˜©,Highly Positive,Happy,Unspecified
McDonald's or KFC? A modern day Sophie's choice,Neutral,Satisfied,Unspecified
Just got my bff a bucket of fried chicken for his bday #normal #KFC,Slightly Positive,Satisfied,Unspecified
Double up with KFC #SoGood Buddy Meal for delivery at just $13.90! Order online: http://t.co/6tF9z1mpdk http://t.co/fMjbO41AQp,Neutral,Excited,Unspecified
RT @BlackPplVines: KFC FUCKED UP ğŸ’€ http://t.co/IeUck3V1O0,Very Negative,Angry,Unspecified
Coffee theme today: Are KFC's edible coffee cups really a good idea? We made some to find out. http://t.co/9Mi3vDbSi3 via @BrowBeat,Neutral,Satisfied,Unspecified
"RT @JosefTheGuy: *hides*""@MOOH_LUTHULI: KFC should consider giving straws not these  horse pipes""",Neutral,Disgust,Unspecified
Last night was dope. Definitely rewarding myself with KFC and JB Hifi ğŸ™Œ,Highly Positive,Happy,Unspecified
RT @EvelynDawn1990: B-Bomb and a manager were eating at KFC in a shopping center when a fan spotted them! (fan acc. cr. tabiwarhol),Neutral,Happy,Unspecified
RT @S1dharthM: Morning people...off to do cardio...all the KFC from last night needs to b burned...have a healthy wala day ;)...,Slightly Negative,Excited,Unspecified
Kfc tomorrow actually so excited omg,Highly Positive,Excited,Unspecified
RT @tombartley_: I went out the room to make a drink and came back to find my 21 y.o sister had dressed the dog in my kfc uniform http://t.â€¦,Neutral,Excited,Unspecified
My mom just yelled at me in the car but now I'm at KFC and it's hard to decide which emotion I'm actually feeling,Neutral,None,Unspecified
"RT @SH2jKIMs2o8: [â˜…SCAN] KFC : EXO Postcards - #Chanyeol  #Sehun cr: exo_zg http://t.co/tZx93AqCV1",Neutral,Satisfied,Unspecified
RT @tombartley_: I went out the room to make a drink and came back to find my 21 y.o sister had dressed the dog in my kfc uniform http://t.â€¦,Neutral,Angry,Unspecified
RT @athashaazhari: I am here for KFC but Sembawang SunPlaza KFC concept is different from others.Ala-ala cafe.Saya kasi ğŸŒŸğŸŒŸğŸŒŸğŸŒŸğŸŒŸ bintang. httpâ€¦,Slightly Positive,None,Unspecified
Get a #free #KFC Giftcard at http://t.co/d9udub4Zz8,Neutral,Excited,Unspecified
RT @girlsrunthings: Ever wondered how KFC is made? Find out here: http://t.co/I7tHy4mLbh http://t.co/qsU9hAaRyR,Neutral,Satisfied,Unspecified
"@Daikanu Snake try to remember some of the basics of kfc",Neutral,Satisfied,Unspecified
"totally gettin some kfc when im off work that 3 piece meal is callin my name",Highly Positive,Satisfied,Unspecified
@_alyshaaharveey she's still in my room but when I move out you can &amp; I'll buy you a kfcğŸ™‹ğŸ™‹,Slightly Positive,Satisfied,Unspecified
RT @EXO_Intl: [OFFICIAL] 150211 KFC China Website Update ,Neutral,None,Unspecified
"RT @melziibaby: Ms. Marva chicken and chips ""@K_Star876: Wendy's BK KFC island Grill?""",Neutral,Satisfied,Unspecified
I shouldn't have had that KFC.,Slightly Negative,Dissatisfied,Unspecified
#BronerMolina #PBConNBC,Neutral,None,Unspecified
@TeannaTrump @thejanicexxx ,Neutral,Happy,Unspecified
"RT @LifeSimplifying: You'll never eat again from Dominos McDonald The Burger King or KFC after looking at this http://t.co/106HCmfOSR httâ€¦",Slightly Negative,Angry,Unspecified
Chastyti S PES My Favourite Things.: KFC and Chocolate is my favourite food because they both look delicious a... http://t.co/W51CNYsl1l,Highly Positive,Satisfied,Unspecified
KFC for lunch,Neutral,None,Unspecified
RT @bernardokath: Excited to try kfc here in Canada! ğŸ˜ http://t.co/rHYRsrmz7A,Highly Positive,Excited,Unspecified
@blkmambaa_  There's no limits when KFC's mashed potatoes are involved,Slightly Positive,Happy,Unhealthy Food
Gotta Sit At Kfc Till 11:30,Neutral,Satisfied,Unspecified
RT @TishHart: Guildford KFC being closed has been the biggest tragedy of my entire life.,Slightly Positive,Sad,Unspecified
@jastonburri you're not working at KFC anymore!?!?!?!!????? :'( who's gonna give me extra food if I go there :'(,Slightly Positive,Sad,Unspecified
@kfc everydayğŸ˜œ,Slightly Positive,Satisfied,Unspecified
@F_Mital kfc so gooood,Highly Positive,Satisfied,Unspecified
RT @tombartley_: I went out the room to make a drink and came back to find my 21 y.o sister had dressed the dog in my kfc uniform http://t.â€¦,Neutral,Sad,Unspecified
craving kfc so bad ğŸ˜…,Slightly Positive,Excited,Unspecified
Fuck taco bell/kfc,Very Negative,Angry,Unspecified
â€œ@princethomas95: Bruh KFC is so disgusting. Only thing go hear is the famous bowl and that's itâ€ there* &amp; same ğŸ’,Very Negative,Disgust,Unspecified
@kfc This needs to happen.,Slightly Positive,Excited,Unspecified
I hate kfc and Popeyes.... ğŸ˜·ğŸ˜·ğŸ˜·,Very Negative,Angry,Unspecified
"RT @rizal_alfaries: Haji Lulung go to KFC to order a fried chicken but out of stock the chicken will come alone and ask to be fried. #Saveâ€¦",Very Negative,Sad,Fried chicken out of stock
"About to try the ""kfc famous bowl"" hope its good #howdoyoukfc",Slightly Positive,Excited,Unspecified
My mother wants me to add weight but not eat too much..because finishing one KFC bucket is unladylike... im just weak tbh,Slightly Negative,Dissatisfied,Unspecified
â€œ@_MONAMOUR_: I remember I cried when I ate KFC in Jamaica ğŸ˜‚ğŸ˜‚â€--dat shit fie af ğŸ˜´,Slightly Positive,Disgust,Small quantity of food
Photo: And finally we found Mr.Goel! (at Kfc Janakpuri C-1) http://t.co/8pVDhYaHsq,Neutral,Happy,Unspecified
@lucywelshh_ McDonald's an KFC ones are life,Slightly Positive,Happy,Unspecified
Okay self please eat food. I know food is gross but eat some anyway. If all else fails go to KFC and get some biscuits. Pls.,Neutral,Disgust,Unspecified
COLONEL SANDERS FOUNDER OF KFC.(kentucky fried chicken)WAS HOMELESS FOR MOST OF HIS LIFE. http://t.co/xSP7ANJATY,Neutral,None,Unspecified
"NP KFC Jamaica - Good to the Bone @kfcjamaica ON VibesLinkRadio http://t.co/RcFR1nA6TE  http://t.co/OBF2GTZXQw  http://t.co/Kao6E5qUdo",Slightly Positive,Satisfied,Unspecified
RT @zayumnry: I really want kfc or popeyes rn,Slightly Positive,Excited,Unspecified
Body says KFC,Slightly Positive,Excited,Unspecified
Kfc better not be bullshitong about these nuggets ğŸ£,Slightly Positive,Excited,Unspecified
RT @Samueltadros: To understand today bombing in Mahala read my coauthored piece with @Mokhtar_Awad on the man who's ideas inspire this httâ€¦,Neutral,Excited,Unspecified
RT @ryanamartin123: God people that work is KFC are so lame,Slightly Negative,Angry,Unspecified
Why KFC Is Developing an Edible Coffee Cup in the U.K. http://t.co/Ll0PAtRG1hÂ  via @Entrepreneur,Neutral,None,Edible coffee cup
"Tar for me kfc hair and lipstick @rrrachellouise #topprin",Neutral,None,Unspecified
Fr just want KFC,Highly Positive,Happy,Unspecified
Man in stockings and women's shoes exposes himself in Norwich's KFC http://t.co/Lg7Zcoh0N4,Neutral,Disgust,Unspecified
Popeyes is definitely better than KFC at least.,Slightly Negative,Dissatisfied,Unspecified
"I'm at KFC Loreto in Mexico City Distrito Federal https://t.co/mqpSNxPQja",Neutral,Happy,Unspecified
"I just entered the PEOPLE KFC Nuggets of Wisdom Sweepstakes. Enter and I may even get a bonus entry thx! See Rules http://t.co/3dggy8cC8b",Slightly Positive,Excited,Unspecified
stuck between mcdo and kfc ğŸ˜¥ğŸ˜¢ğŸ˜‚,Slightly Positive,Satisfied,Unspecified
I have so much love for @kfc âœŠâœŠğŸ—,Highly Positive,Satisfied,Unspecified
Sitting across from the cutest old man in KFC ğŸ˜,Slightly Positive,Happy,Unspecified
"RT @miss_aashley: You'll never eat again from Dominos McDonald The Burger King or KFC after looking at this http://t.co/5TPeBWxjz4 http:/â€¦",Very Negative,Angry,Unhealthy Food
"ğŸŸğŸŸ (with Penny Saiful  and 2 others at KFC) â€” https://t.co/QsMtWNxPck",Neutral,Satisfied,Unspecified
@BellBelltoons Great idea for the KFC bucket with Cameron's face on it!,Highly Positive,Excited,Unspecified
It's hot. It's crispy. It's #SoGoodItHurts! Fire up your meal with the new Crispy Fire Chicken! Visit KFC@smcitylipa http://t.co/Mtjx1HjXxT,Slightly Positive,Excited,Unspecified
KFC. SO GOOOOOD. http://t.co/bEcuhLw7q0,Highly Positive,Satisfied,Unspecified
RT @tombartley_: I went out the room to make a drink and came back to find my 21 y.o sister had dressed the dog in my kfc uniform http://t.â€¦,Neutral,Excited,Unspecified
"Kfc/Taco Bell 20 Eglinton Ave W: Pass: 1 Municipal infraction 1 Minor infraction http://t.co/LCxlKxecYQ #toronto",Neutral,Dissatisfied,Unspecified
You forgot the corn in my famous bowl KFC. ğŸ˜ğŸ™ˆ,Neutral,Satisfied,Unspecified
"@kfc sharon shepard shrthomas@yahoo.com",Neutral,Satisfied,Unspecified
@heartnsoulzjm @McDonalds @kfc haha! I LOVE MCD!!,Slightly Negative,Dissatisfied,Unspecified
"RT @iamTestedOkay: chicken rep.@Psa_muel: ğŸ˜­ğŸ˜­ğŸ˜­KFC for phase 1 na scam ""@iamTestedOkay: LMAOOOOO I STILL DEY VEX cc @Psa_muel http://t.co/Ppzâ€¦",Neutral,None,Unspecified
@Ch_ntillyxx @KevBarnbrook *we have reports of a large lady with barnet the dinosaur hair smashin the windows of kfc in croydon*,Very Negative,Dissatisfied,Accident in KFC
â€œ@FoodPornsx: KFC Chicken. '. http://t.co/t4eH4ssqB6â€,Slightly Positive,Excited,Unspecified
RT @athashaazhari: I am here for KFC but Sembawang SunPlaza KFC concept is different from others.Ala-ala cafe.Saya kasi ğŸŒŸğŸŒŸğŸŒŸğŸŒŸğŸŒŸ bintang. httpâ€¦,Highly Positive,Excited,Unspecified
Is it just me or does this piece look like chicken brain? @kfc ,Very Negative,Dissatisfied,Unspecified
I couldn't board at Chancellor -well separate from the fact that I'm a female. The constant smell of KFC. Meeda Neva cook.,Slightly Negative,Dissatisfied,Unspecified
"With inal Jefri Rembo and 2 others at KFC Seturan Merbabu Hotel â€” https://t.co/Hl4w4iY19K",Slightly Positive,Satisfied,Unspecified
"@Ashton5SOS  I'm at McDonald's and KFC is next to it and I keep thinking of you",Neutral,Satisfied,Unspecified
"â€œ@kfc: This week on Nugget Talk with Griffin and Jeffrey we discuss â€œsolidness.""",Neutral,None,Unspecified
"RT @SH2jKIMs2o8: [â˜…SCAN] KFC : EXO Postcards - #Chanyeol  #Sehun cr: exo_zg http://t.co/tZx93AqCV1",Neutral,None,Unspecified
"The hotel smells like KFC it's really overwhelmingly gross.",Slightly Negative,Disgust,Don't like the smell of KFC
RT @KFC_Rico: kfc started that throw the 4 up,Neutral,Satisfied,Unspecified
RT @PussycatPlace: My mom use to take me to KFC even after the news reported there were rats found in their fryers.,Very Negative,Disgust,Unhealthy Food
The more important question is why KFC even need a security person/bouncer.... Not why I was drinking!!!!,Slightly Negative,Dissatisfied,Unspecified
Lunch: KFC's Crispy Fire Chicken. Merienda: Caution Hot's Spicy Seafood noodles. Dinner: Bon Chon's Spicy Chicken. #AlmoranasDay ğŸ˜‚ğŸ˜‚ğŸ˜‚,Neutral,Happy,Unspecified
"RT @DailyFactNotes: Taco Bell KFC and Pizza Hut are all owned by the same company (Yum! Brands).",Slightly Positive,Excited,Unspecified
RT ~ Carrier Dome,Neutral,Satisfied,Unspecified
Been in KFC drive thru for 15 minutes and questioning whether these wicked wings are gonna be worth it,Slightly Negative,Dissatisfied,Long  waiting line
RT @BLACKTWITRVINES: THE FUCK YOU MEAN KFC RAN OUT OF CHICKEN?! http://t.co/mnQ3FPKC2R,Slightly Negative,Dissatisfied,Unspecified
@DVSblast i need a cup that holds 4 different types of drinks kinda like that kfc bucket but more study w no grease,Neutral,None,Unspecified
"RT @rizal_alfaries: Haji Lulung go to KFC to order a fried chicken but out of stock the chicken will come alone and ask to be fried. #Saveâ€¦",Neutral,Dissatisfied,Fried chicken out of stock
I need some KFC . Tomorrow maybee,Slightly Positive,Satisfied,Unspecified
RT @chonkie9: Can't believe @kfc are still using Rolf Harris as their mascot.,Slightly Negative,Dissatisfied,Unspecified
KFC is absolute trash.,Very Negative,Dissatisfied,Unspecified
"YOU can't start the next #Chapter of your life if you keep re-reading the last one. @ KFC Portmore Mall https://t.co/7NhDLpOZ1n",Neutral,None,Unspecified
KFC because what even is cooking,Neutral,Satisfied,Unspecified
I'm at KFC.GOT Problem????,Slightly Negative,Dissatisfied,Unspecified
KFC Gets Occupational Business License To Sell Marijuana In Colorado Restaurants http://t.co/mv5J9wNvXO,Neutral,None,Unspecified
"""@SoulCollecter_1: Last Nite http://t.co/ZcCttxd8m7"" i miss that place now eish #KFC",Slightly Positive,Satisfied,Unspecified
"I just entered the PEOPLE KFC Nuggets of Wisdom Sweepstakes. Enter and I may even get a bonus entry thx! See Rules https://t.co/sK8pmb5Y4N",Highly Positive,Happy,Unspecified
RT @kfc: @Letnekable The only thing better than a trip to KFC is TWO trips to KFC! #Round2,Neutral,Satisfied,Unspecified
[V] @seomot Welcome to KFCROLEPLAYER. Put Kfc in your bio/location. and here your special combo :) -I.M http://t.co/BLdlxEKCzc,Neutral,Excited,Unspecified
Sis: can we go to mcdonalds? Kfc?,Slightly Positive,None,Unspecified
RT @Pretty_Posh007: Mi only like Jamaican KFC .......ğŸ˜¢ğŸ˜¢ğŸ˜¢ğŸ˜¢,Slightly Positive,Happy,Unspecified
KFC Breakfast ğŸ˜ (with Denny. Z and Iyut at @kfcindonesia) [pic] â€” https://t.co/DeAvLb4f52,Neutral,Satisfied,Unspecified
That KFC tho!! ğŸ”¥ğŸ”¥ğŸ”¥ğŸ—,Neutral,Excited,Unspecified
the kfc original fried chicken recipe : http://t.co/dLCNYtTcJP #yummy #food  #recipes #recipe #cake #pizza,Highly Positive,Excited,Unspecified
â€œ@FoodPornsx: KFC Chicken. '. http://t.co/EkbzhCxhDIâ€,Neutral,Happy,Unspecified
"KFC is pissing in the wind if they think their Twister wrap things are 'salad'. Nice try tools.",Slightly Negative,Dissatisfied,Unhealthy Food
"RT @FGFlamencoPain: @mcthot_ lol good idea I'm gonna make one like this with kfc and post it next MLK day. #RacismIsRacism",Slightly Negative,Angry,Unspecified
EXO Sehun and Chanyeol - KFC Card,Neutral,Satisfied,Unspecified
Damn it Angelo! I told you no KFC in the bedroom! @BurnBoy85 http://t.co/aGU4YgWjZt,Slightly Negative,Excited,Unspecified
Craving KFC. #KillMeNow,Slightly Positive,Sad,Unspecified
KFC meals contain mystery organs from tormented chickens - â€˜Just when you think that fast food couldnâ€™t... http://t.co/kh1FYHB3fE,Very Negative,Dissatisfied,Tormented meat used
Treated to a nice little kfc ğŸ‘ŒğŸ˜ğŸ¥ğŸ¥ğŸ¥,Slightly Positive,Happy,Unspecified
Just had the best KFC of my life @kerrycrawford96 @NatashaBirrellx,Highly Positive,Excited,Unspecified
"RT @TheUtterFun: You'll never eat again from KFC  Dominos McDonaldOR The Burger King after looking at this http://t.co/boPuSmfBoP http:/â€¦",Very Negative,Dissatisfied,Unspecified
I'm standing in a KFC queue &amp; there's 2 men infront using sign language bc I'm assuming one of them is deaf &amp; it's so amazing &amp;clever to see,Slightly Positive,Happy,Unspecified
"""@kfc: Popcorn Nuggets: the #5BuckFillUp we can all agree on. http://t.co/ZwRduVRmha""",Slightly Positive,Satisfied,Unspecified
@financer_ ma had KFC waiting for me ğŸ˜‹,Slightly Positive,Satisfied,Unspecified
RT @JerryRatcliffe: Looking forward to my first trip to #Louisville's KFC Yum! Center tomorrow for #UVa game.,Highly Positive,Excited,Unspecified
#BabaWhileYouWereGone @MKabrik said 7 star restaurant in kd is better than KFC,Slightly Negative,Dissatisfied,Poor customer service
KFC be stingy with the gravyğŸ˜,Very Negative,Dissatisfied,Small quantity of food
@b19jon just munched chicken salad.,Neutral,Satisfied,Unspecified
RT ~ KFC Yum!,Highly Positive,Excited,Unspecified
RT @pisstance: When dad brings home KFC http://t.co/u6mORN9ext,Slightly Positive,Happy,Unspecified
RT @tombartley_: I went out the room to make a drink and came back to find my 21 y.o sister had dressed the dog in my kfc uniform http://t.â€¦,Neutral,Excited,Unspecified
â€œ@FoodPornsx: KFC Chicken. '. http://t.co/bihc5z4sChâ€,Neutral,Satisfied,Unspecified
Thinking Out Loud just came on in KFC help I'm crying j can't omf,Slightly Positive,Happy,Unspecified
Fav ~ KFC Yum! http://t.co/J3J9IlwjQ2,Slightly Positive,Excited,Unspecified
RT @BlackPplVines: KFC FUCKED UP ğŸ’€ http://t.co/IeUck3V1O0,Very Negative,Angry,Unspecified
RT @tombartley_: I went out the room to make a drink and came back to find my 21 y.o sister had dressed the dog in my kfc uniform http://t.â€¦,Slightly Positive,Happy,Unspecified
Woman accuses #KFC of wrongful termination http://t.co/oTdWZOkhrD,Very Negative,None,Unspecified
Why isn't there a kfc near my house?,Slightly Negative,Sad,Unavailability of KFC in a region
Fav ~ KFC Yum! http://t.co/J3J9IlwjQ2,Highly Positive,Satisfied,Unspecified
"East Grinstead really is where it's at...! Travolta in KFC Tom Cruise has a house Cumberbatch went to school at Brambletye &amp; Peter Andre..",Slightly Positive,Happy,Unspecified
#New_Deals #Coupon http://t.co/22rsDhx0V0 Kentucky Fried Chicken KFC  SAVINGS 18 to choose from! Exp 4/4/15 http://t.co/D7IT9jg2Ti,Neutral,Excited,Unspecified
#KFC for the lunch at 1 pm,Slightly Positive,Satisfied,Unspecified
@PerryThiessen Next time you go to KFC you should ask for an empty bucket so you can put it on your head when you get home and be buckethead,Slightly Positive,Happy,Poor customer service
RT @DebbieFischerxo: @StephMurs_ and I legit just spent Â£30 in KFC,Neutral,Excited,Unspecified
Worked so hard all week then just went and ate a KFC. Hehe ğŸ˜ x,Slightly Positive,Satisfied,Unspecified
"So Christian is back at KFC the perv gave us literally double of our food ğŸ˜‚",Slightly Positive,Satisfied,Unspecified
RT @kfcarabia: Rememberâ€¦ You can win an iPhone 6 Gold with KFC! Participate NOW ,Slightly Positive,None,Unspecified
"RT @BFNotAIIowed: My boyfriend isn't allowed to work at KFC. Tryna touch other legs breasts  and thighs all day?? Nah boo",Slightly Negative,Sad,Unspecified
@OnlyDhruv1794 Use the @Niffler_in app to get updates on deals from KFC. http://t.co/mVSSJ83TCt,Neutral,Excited,Unspecified
â€œ@ShaySAL_: KFC in Jamaica ğŸ‘…â€ Na now your just showing off ğŸ˜’,Neutral,None,Unspecified
"@tay_ebooks @JamesFreak101 Buy KFC that would get you a life",Highly Positive,Satisfied,Unspecified
Me: KFC don't have the dysfunctional-family bâ€¦,Slightly Negative,Dissatisfied,Unspecified
RT @tombartley_: I went out the room to make a drink and came back to find my 21 y.o sister had dressed the dog in my kfc uniform http://t.â€¦,Neutral,Disgust,Unspecified
PEOPLE KFC Nuggets of Wisdom Sweepstakes.  See Rules https://t.co/bBmhQ8p3Y1,Neutral,None,Unspecified
Lmao RT @OhHELLNawl: KFC is packed like itâ€™s free before 11,Slightly Positive,Disgust,Unspecified
"In the past 2 days I've had subway kfc dominos and Burger King ğŸ˜ğŸ˜‚",Slightly Positive,Happy,Unspecified
Guy: You can't get mad that your... http://t.co/IhXyg7qs0M,Neutral,Excited,Unspecified
RT @OMGFacts: Only two people at KFC know the secret recipe of 11 herbs &amp; spices and they are not allowed to travel together for security râ€¦,Neutral,Excited,Unspecified
Do owt for a kfc mighty bucket ğŸ™ğŸ—,Slightly Positive,Satisfied,Unspecified
RT @tombartley_: I went out the room to make a drink and came back to find my 21 y.o sister had dressed the dog in my kfc uniform http://t.â€¦,Slightly Positive,Satisfied,Unspecified
This KFC hittin the spot,Highly Positive,Happy,Unspecified
"If you really believed Colorado KFCs were selling pot hereâ€™s a reality check: http://t.co/86v8LIDZad via @cannabist",Neutral,Satisfied,Unspecified
I just checked in @kfc with #mPLACES  Download today!  http://t.co/rNYDzZejW4,Neutral,Excited,Unspecified
"""Ohh KFC makes me sick""",Very Negative,Disgust,Unspecified
It's 2am and I really want KFC,Slightly Positive,Sad,Unspecified
I will drive to the drive thru KFC in Denham JUST for her,Slightly Positive,Excited,Unspecified
Follow KFC CRICKET,Neutral,Satisfied,Unspecified
CHICKEN IS AMAZING,Highly Positive,Happy,Unspecified
I just want some Talenti and a KFC biscuit.,Slightly Positive,Happy,Unspecified
Fav ~ KFC Yum! http://t.co/J3J9IlwjQ2,Slightly Positive,Happy,Unspecified
I liked a @YouTube video from @stuktv http://t.co/pkXujyJ7W1 #125: Fitness in de KFC [OPDRACHT],,None,Unspecified
Fav ~ KFC Yum! http://t.co/J3J9IlwjQ2,Highly Positive,Happy,Unspecified
"For Your McDonald's KFC Nando's and many more delivered to your door. ",Neutral,Happy,Unspecified
KFC Twister. Yey ğŸ˜‚,Slightly Positive,Happy,Unspecified
Ticket Info: http://t.co/okKs9ZPfqb,Neutral,Excited,Unspecified
@roynelsonmma @PizzaPizzaLtd dude i could do a 8 piece kfc bucket REALTALK,Neutral,Satisfied,Unspecified
â€œ@FoodPornsx: KFC Chicken. '. http://t.co/bihc5z4sChâ€,Neutral,None,Unspecified
@fatinyaakob @ffarhahidris i dont care. i ate kfc for lunch n mcd for dinner today HAHAHAHAHAHA,Slightly Positive,Satisfied,Unspecified
@TerriApostleCTV @CTVMorningWPG Are those potato skins w/ranch dressings? I LOVE them from Bunty's @ Ellice &amp; Arlington.(KFC closes 2 early),Slightly Negative,Sad,Unspecified
"RT @kfc: #ICYMI: Popcorn Nuggets are HERE! Pick yours up with a Bucket Go Cup or $5 Fill Up. http://t.co/H3sdOfM5C6",Neutral,Satisfied,Unspecified
Nothing makes me more happy than a KFC when I've been on the booze the night before!,Highly Positive,Satisfied,Unspecified
we rlly went to popeyes for the chicken &amp; then KFC bc they have better mashed potatoes,Highly Positive,Satisfied,Unspecified
Is it a bad sign when the KFC guys remember you and wonder where you've been?,Slightly Negative,Satisfied,Unspecified
Fav ~ KFC Yum! http://t.co/J3J9IlwjQ2,Slightly Positive,Satisfied,Unspecified
Late night kfc http://t.co/d2LoswUEtW,Neutral,Happy,Unspecified
@_skinni_ KFC Is better man especially when you warm it up,Slightly Positive,Satisfied,Unspecified
To get KFC or not get KFC is the key question of life really,Neutral,Satisfied,Unspecified
@SkyDoesMinecraf five nights at KFC,Slightly Positive,Excited,Unspecified
@wendyleahdixon need to find!!! i need to find a good pricing too hEHEHE ok can or OMG KFC BREAKKIE ok lah whatever can,Slightly Positive,Satisfied,Unspecified
There's never a wrong time for KFC ğŸ˜…,Slightly Positive,Satisfied,Unspecified
KFC Delivery 50% Off Ultimate Zinger Box Wednesdays Promo 4 Mar 2015 http://t.co/xQRVsgyX5Z,Neutral,Satisfied,Unspecified
@NME_Haven I'm drinking it right now lmao I just got some kfc,Slightly Positive,Satisfied,Unspecified
RT @foodsspotting: KFC Double Down http://t.co/8sf9onpAv4,Neutral,Excited,Unspecified
I need KFC,Slightly Positive,Excited,Unspecified
"@Dat__Whiteboii the one by jamba juice starbucks &amp; kfc?",Neutral,None,Unspecified
RT @alldrolledup: *points my KFC drumstick at him to emphasize my statement*,Neutral,Disgust,Unspecified
RT @tombartley_: I went out the room to make a drink and came back to find my 21 y.o sister had dressed the dog in my kfc uniform http://t.â€¦,Neutral,None,Unspecified
Kfc got stone biscuits,Slightly Negative,Satisfied,Unspecified
Dad's KFC sandwich. Not sure if that's what they should look like but if he gets diarrhea I know what caused it. #KFC http://t.co/EkqEhtZs1w,Very Negative,Dissatisfied,Unspecified
RT @WorIdStarVine: KFC FUCKED UP  http://t.co/yIonD4gaWR,Very Negative,Angry,Unspecified
@alex_sick03 WTF IM CRAVING KFC!!!,Highly Positive,Excited,Unspecified
#KFC dogs ğŸ˜‚ http://t.co/9a650eiUNr,Neutral,Satisfied,Unspecified
I just checked in @kfc with #mPLACES  Download today!  http://t.co/4NraTLneCN,Slightly Positive,Satisfied,Unspecified
RT ~ Carrier Dome,Neutral,Satisfied,Unspecified
RT @tombartley_: I went out the room to make a drink and came back to find my 21 y.o sister had dressed the dog in my kfc uniform http://t.â€¦,Neutral,Satisfied,Unspecified
@JamesBourne dont go to four corners in glasgow cos there is mcdees pizza hut and kfc and such decision making makes everyone cry,Neutral,None,Unspecified
kfc bowl ğŸ˜‹,Neutral,Satisfied,Unspecified
@Megan_Hatt can you go and get me a kfc and deliver it to my house PLZ? I will pay you ğŸ˜ŠğŸ˜ŠğŸ˜Š,Slightly Positive,Happy,Unspecified
Da Boy Fam!!! These our dates to the velle kayda tribute bra!!!!!! They want KFC after though!... http://t.co/MCneiBCQN4,Slightly Positive,Excited,Unspecified
@Manchesterspeak @IconicUnited just like Indy-kfc-liar you prove that by tweeting shit you gain popularity and people fuel it by reacting,Slightly Negative,Disgust,Unspecified
RT @grantgusteam: I always say im gonna eat healthy  till the moment I go out with my cousin which is crazy about chicken wings at KFC #Votâ€¦,Slightly Negative,Sad,Unhealthy Food
Mcdonalds czy kfc? #kosperlive,Neutral,Happy,Unspecified
"""@kfc: This week on Nugget Talk with Griffin and Jeffrey we discuss â€œsolidness.""",Neutral,Happy,Unspecified
RT @kfcarabia: Rememberâ€¦ You can win an iPhone 6 Gold with KFC! Participate NOW ,Highly Positive,Excited,Unspecified
Welcome Break is recruiting for: Team Member - KFC - http://t.co/B4pDz6SsdN,Neutral,Satisfied,Unspecified
I wanna get bob something nice for his bday. I'm thinkin a bucket of chicken from kfc and a Motorola flip phone @BobbyLong14,Slightly Positive,Satisfied,Unspecified
@hollywills we've just asked @McDonalds @kfc and @BurgerKing to decide what our followers should have for dinner. Can you RT PLEASE.,Neutral,Satisfied,Unspecified
KFC hotwings on point tho,Neutral,Satisfied,Unspecified
Got my ticket!! RT @TicketChatterKY: #Louisville: Maroon 5 in Concert at KFC Yum! Center - Mar  14,Slightly Positive,Satisfied,Unspecified
What KFC doing?,Neutral,Dissatisfied,Unspecified
RT @BLACKTWITRVINES: THE FUCK YOU MEAN KFC RAN OUT OF CHICKEN?! http://t.co/mnQ3FPKC2R,Very Negative,Dissatisfied,Unspecified
When your going to KFC... #kfc https://t.co/a7PzT56WTH,Neutral,None,Unspecified
"""If it weren't for you guys I would've still been stuck working at kfc""",Slightly Negative,Happy,Unspecified
RT @BLACKTWITRVINES: THE FUCK YOU MEAN KFC RAN OUT OF CHICKEN?! http://t.co/mnQ3FPKC2R,Very Negative,Angry,Unspecified
Lol  RT @AfroVII: Huh? RT @dodoshyne: Why's a married man buying KFC meal in the first place.?,Very Negative,Dissatisfied,Unspecified
@NJD107 KFC Barstool just posted the vid. Fucking insane.,Very Negative,Dissatisfied,Unspecified
@iMaad_Scientist waiting on KFC to come home,Slightly Negative,Dissatisfied,Unspecified
I want popcorn chicken from kfcğŸ˜©ğŸ˜©,Slightly Positive,Excited,Unspecified
"I just entered the PEOPLE KFC Nuggets of Wisdom Sweepstakes. Enter and I may even get a bonus entry thx! See Rules http://t.co/a6qfS4QmVb",Neutral,None,Unspecified
"RT @Kaushikyegnan: #MAAAnnapurna Food is God! Eat Food with CARE like MEDICINESor soon u wl eat MEDICINES as Food! #KFC #McDonalds #PizzaHâ€¦",Very Negative,Dissatisfied,Health problems
Lets Eat #RedHot #KFC #Indonesia #NoomNommm https://t.co/Q6u6EHE5i4,Slightly Positive,Excited,Unspecified
Kfc with peace... [vid] â€” https://t.co/i6ZeBFz82c,,None,Unspecified
"We have KFC McDonald's and Nandos in this car",,None,Unspecified
KFC bowls are my favorite ğŸ˜‹,Slightly Positive,Happy,Unspecified
On the plus side dads stopping off at kfc for my bday mealğŸ˜‚,Slightly Positive,Excited,Unspecified
I bet KFC is going to give  #tendersos out when you but chicken tenders ğŸ˜‚ğŸ˜‚ğŸ˜‚ğŸ˜‚ğŸ˜‚,Slightly Negative,Disgust,Unspecified
RT @avestal: you know how KFC stuck their entire menu in a plastic bowl and it was just a mess,Very Negative,Dissatisfied,Small quantity of food
I love kfc gravy so much im not even eating it im just thinking about it,Highly Positive,Happy,Unspecified
"thenchu ğŸ˜˜ğŸ˜˜""@Kfcroleplayerr: [V] @chowronqx Welcome to KFCROLEPLAYER. Put Kfc in your bio/location -I.M http://t.co/RjOcde2rsY""",,None,Unspecified
RT @NotLikeAnt: ğŸ˜­ RT @QB_Hitman: I'd pick this shit with a KFC bucket taped around my head with grape soda cologne http://t.co/nwaeY05GPy,Neutral,Satisfied,Poor customer service
@FlawlessRack *gives you KFC*,Neutral,Satisfied,Unspecified
@NSmimx_ mu cuba confirm laa dgn wawa pleasee i need pizza hut or kfc please ğŸ˜­ğŸ˜­ğŸ˜­ğŸ˜­ğŸ˜­ğŸ˜­ğŸ˜­ğŸ˜­ğŸ˜­ğŸ˜­,Slightly Positive,Excited,Unspecified
RT @athashaazhari: I am here for KFC but Sembawang SunPlaza KFC concept is different from others.Ala-ala cafe.Saya kasi ğŸŒŸğŸŒŸğŸŒŸğŸŒŸğŸŒŸ bintang. httpâ€¦,Slightly Positive,Satisfied,Unspecified
RT @1KEV_x: @OctayviaB @_tyarashhellee Ima get a job at KFC for you tay ğŸ˜ğŸ˜‚,Neutral,None,Unspecified
"RT @thecrazy_love: You'll never eat again from Dominos McDonald The Burger King or KFC after looking at this http://t.co/B4d9p5H2Rj http:â€¦",Very Negative,Angry,Unspecified
Fav ~ KFC Yum! http://t.co/J3J9IlwjQ2,Highly Positive,Happy,Unspecified
RT @jailposejesus: Bitch I know Popeyes breading,Neutral,None,Unspecified
Photoset: heyodamo: funlizardguy: emmablackery: i donâ€™t know i just feel like kfc in japan understands my... http://t.co/YzpGBHFRZs,Neutral,Satisfied,Unspecified
RT ~ KFC Yum!,Highly Positive,Satisfied,Unspecified
"morning kepci ğŸ˜š this week everyday shift midnight ğŸ˜‚ğŸ˜­ @ KFC Drive-Thru Tanjong Malim https://t.co/viP8XCpz6t",Neutral,None,Unspecified
omg a kfc would be perfect right now,Slightly Positive,Excited,Unspecified
"I would love some KFC. However lazy.",Slightly Positive,Happy,Unspecified
"I just entered the PEOPLE KFC Nuggets of Wisdom Sweepstakes. Enter and I may even get a bonus entry thx! See Rules https://t.co/8o8OiJG3VC",Highly Positive,Happy,Unspecified
"Multigrain slightly toasted kfc mash and gravy shredded chicken melted cheese,Highly Positive,Happy,Unspecified
"I just entered the PEOPLE KFC Nuggets of Wisdom Sweepstakes. Enter and I may even get a bonus entry thx! See Rules https://t.co/WiOmyJr3l2",Highly Positive,Happy,Unspecified
@kfc aberdeen what is wrong with the legal tender that is Â£50 notes why won't you accept them #badcustomerservice #fingerlickingpish,Slightly Negative,Dissatisfied,Poor customer service
RT @jamesetjones: KFC meals contain mystery organs from tormented chickens #health http://t.co/5LispH0pMy http://t.co/N2rs1Kh0YU,Very Negative,Sad,Tormented meat used
Why is there no 24 hour kfc nearby ffs,Slightly Negative,Sad,Unavailability of KFC in a region
When 4/5 gavers come and sit in KFC to have a break lool.  Get up and go do ya job lool.,Slightly Negative,Angry,Unspecified
Why is KFC so on and poppin with their crusty ass chicken,Neutral,None,Unspecified
Starving KFC line. Like...,Very Negative,Sad,Poor customer service
"RT @ShmuelHorwitz: Giiiirrrrrllll....  you smell good.  Like bunny rabbits and biscuits good.  And not just any biscuits KFC Biscuits.  #Câ€¦",Slightly Positive,Excited,Unspecified
RT @2ANow: KFC Bans Hand Wipes Because They Offend Muslims,Slightly Negative,None,Unspecified
RT @Kfcroleplayerr: [V] @chowronqx Welcome to KFCROLEPLAYER. Put Kfc in your bio/location. and here your special combo :) -I.M http://t.co/â€¦,Slightly Positive,Happy,Unspecified
"I just entered the PEOPLE KFC Nuggets of Wisdom Sweepstakes. Enter and I may even get a bonus entry thx! See Rules https://t.co/2TXh47KrNZ",Neutral,Excited,Unspecified
"home from KFC church and 7/11 with mah girls had fun!! @holaninaa @MTHB0217 @millenesntos_ @PamelaPammytotz @SuperGirlNiBii @JRAcrossover",Slightly Positive,Happy,Unspecified
@BWORK26 @JakeThePillow time to raid kfc,Slightly Positive,None,Unspecified
KFC buffet was a bad idea,Very Negative,Sad,Unspecified
Dinner at Kfc with my classmates @HannahPadillaaa  @Ellainne_ http://t.co/0Y5s0DAoLB,Neutral,None,Unspecified
KFC TAKE THE 11.82$ OUT OF MY ACCOUNT ALREADY IT'S BEEN 3 DAYS,Slightly Negative,Angry,Unspecified
Had my breakfast at kfc ğŸ’•,Very Negative,Happy,Unspecified
I liked a @YouTube video from @jkfilms http://t.co/PVIU5XhEce Teen Finds A Chicken Brain In His KFC Meal ft. David So,,None,Unhealthy Food
"Today I'm going to teach you how to make a magical feeling pocket pussy with a bag of cocaine KFC potato and gravy and 2 sponges.",Neutral,None,Unspecified
RT @TalkAboutME___: @tyonte ğŸ‘€ğŸ‘Œ &amp; 6:30 7. And I want some KFC popcorn chicken with some BBQ sauce with a Mountain Dew freeze ğŸ˜©ğŸ˜©ğŸ˜©ğŸ˜˜ğŸ˜˜ğŸ˜˜ğŸ˜˜,Highly Positive,Happy,Unspecified
Plus I have a shoot on Wednesday and all I've been eating is KFC :((,Slightly Negative,Sad,Unspecified
i went to kfc and our combo was so fucking small.. i ended up eating the two little ketchup things lmao,Slightly Negative,Sad,Small quantity of food
"@KxngOfDxamonds thanks. Nah I was in KFC with a friend. Some lady was like ""take real good care of your purse they wanted to steal it""",Neutral,None,Unspecified
@TheTideAustin KFC or McDonald's? #AskAustin,Neutral,None,Unspecified
RT @hitbluntnothoe: Finally found someone who appreciates kfc like me ğŸ˜ğŸ˜ğŸ˜âœŠ,Slightly Positive,None,Unspecified
"RT @factstreasure: You'll never eat again from Dominos McDonald The Burger King or KFC after looking at this http://t.co/xtM2An5DPF http:â€¦",Slightly Negative,Dissatisfied,Unspecified
Fuck KFC,Very Negative,Disgust,Unspecified
Bring me a famous bowl from kfc pls !,Slightly Positive,Happy,Unspecified
RT @tistastos: @kxhxnn_x @sxif_ i am taking u to kfc young lady kmt kmt,Neutral,Satisfied,Unspecified
My kfc has yet to arrive,Slightly Negative,Dissatisfied,Long  waiting line
"Colindale KFC drive thru is LONGGG better off going inside much quicker",Slightly Negative,Dissatisfied,Long  waiting line
[V] @stefihwg Welcome to KFCROLEPLAYER. Put Kfc in your bio/location. and here your special combo :) -I.M http://t.co/BLdlxEKCzc,Slightly Positive,Happy,Unspecified
I want Grenadian KFC !,Slightly Negative,Disgust,Unavailability of KFC in a region
RT @GetWaterSmart: Sacramento means business when it comes to #water waste - KFC &amp; Long John Silvers get $1000 fines. http://t.co/HzSNhAS2oâ€¦,Neutral,Sad,Unspecified
"home fr pacem eco park pinto art museum kfc and siena",Neutral,None,Unspecified
@KwabenaBarkoPe you KFC eating mofo,Neutral,Excited,Unspecified
Fav ~ KFC Yum! http://t.co/J3J9IlwjQ2,Slightly Positive,Happy,Unspecified
"Things i won't eat anymore.cupcake or cakepizza and kfc.",Very Negative,Sad,Unspecified
@Cornelius_TD I'm that burst I bought KFC. Eeuugghhh,Slightly Negative,Disgust,Unspecified
"RT @rizal_alfaries: Haji Lulung go to KFC to order a fried chicken but out of stock the chicken will come alone and ask to be fried. #Saveâ€¦",Slightly Negative,Dissatisfied,Small quantity of food
"RT @LexCorleone: I remember I used to be a KFC girl.. Then I had Popeyes needless to say I ain't been the same since...",Slightly Negative,Satisfied,Unspecified
I was bout to hit KFC and my bus came :( .,Slightly Negative,Sad,Unspecified
Julie and I are gonna SMASH on some KFCğŸ˜‹,Neutral,Happy,Unspecified
â€œ@GodsJiggy: KFC chicken is like oily wrinkly seasoned skinâ€ ğŸ˜‚ğŸ˜‚,Slightly Negative,Dissatisfied,Unspecified
RT @NotLikeAnt: ğŸ˜­ RT @QB_Hitman: I'd pick this shit with a KFC bucket taped around my head with grape soda cologne http://t.co/nwaeY05GPy,Slightly Positive,Excited,Unspecified
I just want it to be tomorrow so i can have some KFC w my gf ğŸ˜‚ğŸ˜‚ im such a fatass.,Highly Positive,Happy,Unspecified
chicken strips &amp; honey mustard my new meal from kfc ğŸ™‡,Neutral,Satisfied,Unspecified
"RT @CallMeAmerica_: Me yesterday ğŸ˜‚""@jamiracle__: That kfc got me on my assâ€",Slightly Positive,Satisfied,Unspecified
"RT @18meets16: ""Hello is dis kfc""",Neutral,Satisfied,Unspecified
@yqrvx subway is better than kfc tbh,Very Negative,Dissatisfied,Unspecified
@slbgng_eddie I was hungry AF when I left I had to stop by kfc ğŸ˜‚,Slightly Positive,Happy,Unspecified
@JyeGray I'm told they fuck up more at KFC but the only problem I have there is they dont give me the fucking spoon for my potato and gravy,Very Negative,Sad,Poor customer service
KFC potato and gravy is thick as fuccccccccccccccccccccccccccck,Very Negative,Excited,Small quantity of food
I liked a @YouTube video from @trollstationuk http://t.co/Jb2YxQ1NgV TrollStation Boyfriend Girlfriend Beef KFC,Neutral,Sad,Unspecified
Fav ~ KFC Yum! http://t.co/J3J9IlwjQ2,Highly Positive,Satisfied,Unspecified
"RT @BilMurray: You'll never eat again from Dominos McDonald The Burger King or KFC after looking at this http://t.co/czFcDAksAW http://t.â€¦",Very Negative,Disgust,Unspecified
KFC makes life a game like CS or Quake gets their nan shanked outside tesco.,Neutral,Happy,Unspecified
"RT @factstreasure: You'll never eat again from Dominos McDonald The Burger King or KFC after looking at this http://t.co/xtM2An5DPF http:â€¦",Very Negative,Disgust,Unspecified
RT ~ KFC Yum!,Highly Positive,Happy,Unspecified
@polward86 @BuddysGlasgow I can't recommend it highly enough. Think kfc gravy times a million ğŸ˜ğŸ˜,Highly Positive,Satisfied,Unspecified
RT @HealthRanger: #KFC meals contain mystery organs from tortured chickens: http://t.co/ulFh3rkhHV,Slightly Negative,Disgust,Unhealthy Food
"@nickisuz Nurmi - KFC induced heart attack Will not - herpes from excessive ass kissing JSS - only organ donor match is Alexander family",Very Negative,Dissatisfied,Unhealthy Food
Hot &amp; Spicy taste better thaÂ KFC http://t.co/YQZlcTtKMY,Slightly Negative,None,Unspecified
KFC is absolute bunk,Very Negative,Dissatisfied,Unspecified
I want a kfc bowl,Neutral,Happy,Unspecified
@Nufkin What is so special about ordering at KFC?,Neutral,None,Unspecified
5 dollar fill ups from KFC are so clutch,Slightly Positive,Satisfied,Unspecified
[V] @gghmyex Welcome to KFCROLEPLAYER. Put Kfc in your bio/location. and here your special combo :) -I.M http://t.co/BLdlxEKCzc,Slightly Positive,Excited,Unspecified
Now he's Mr KFC.,Neutral,Satisfied,Unspecified
KFC Fried Chicken http://t.co/7qFbuWcN6O #food #cooking #recipes #delicious #foodrecipes #canada #Usa http://t.co/9N5IJKHQD4,Neutral,Satisfied,Unspecified
RT @OMGFacts: Only two people at KFC know the secret recipe of 11 herbs &amp; spices and they are not allowed to travel together for security râ€¦,Neutral,Happy,Secret Recipe
"KFC Famous Bowl my tummy is overwhelmed.",Neutral,Satisfied,Unspecified
These satisfy my slight OCD and my hunger. Please never take these away @kfc http://t.co/0Az0kkCtYI,Highly Positive,Happy,Unspecified
"RT @thecrazy_love: You'll never eat again from Dominos McDonald The Burger King or KFC after looking at this http://t.co/B4d9p5H2Rj http:â€¦",Very Negative,Disgust,Unhealthy Food
Just had a kfc mini fillet burger and it really was fucking mini,Very Negative,Dissatisfied,Small quantity of food
"For y'all that don't know there is such a thing as a KFC-TacoBell-PizzaHut-Gas Station combo &amp; yes @hollyreneem and I have eaten there.ğŸ˜‚",Neutral,Satisfied,Unspecified
KFC is good for you,Slightly Positive,Satisfied,Unspecified
@_TheLongLostSon shame ya not getting fed isn't it. Fuck off to KFC if ya that hungry ğŸ‘‹,Highly Positive,Happy,Unspecified
RT @NoFuckingchills: KFC sneak dissing http://t.co/zxrOjUMkH8,Neutral,Dissatisfied,Unspecified
"RT @factstreasure: You'll never eat again from Dominos McDonald The Burger King or KFC after looking at this http://t.co/xtM2An5DPF http:â€¦",Very Negative,Dissatisfied,Unspecified
"I just entered the PEOPLE KFC Nuggets of Wisdom Sweepstakes. Enter and I may even get a bonus entry thx! See Rules https://t.co/fTtsgzU4jq",Neutral,Satisfied,Unspecified
Apply now to work for KFC as #KFC #Shift Supervisor in #Frisco #jobs http://t.co/lJvlpZi0Hl,Neutral,Excited,Unspecified
KFC Twincast with Rosanna and Scorpion Cassettes http://t.co/hSOXsFFciK,Neutral,None,Unspecified
RT @I_pissVodka: KFC and the ketchup they add to every thing you buy. I don't get. I have saved enough ketchup to shoot a nollywood gunshotâ€¦,Neutral,Dissatisfied,Unspecified
RT @BTOB6JAE: Welcome to KFC  @KBOAA86,Neutral,Happy,Unspecified
RT @nihilist_arbys: Kfc now has edible coffee cups? Pfft. All cups are technically edible. All innovation is futile. All souls are worthlesâ€¦,Slightly Negative,Dissatisfied,Edible coffee cup
RT @MassDeception1: KFC meals contain mystery organs from tormented chickens,Very Negative,Dissatisfied,Tormented meat used
"I'm at Pizza Hut / KFC in Johor Bahru Johor https://t.co/YFAgWU3DUU",Neutral,None,Unspecified
@GabbyOlschewske @kfc do you need a toy?,Very Negative,Dissatisfied,Unspecified
RT @BrandySalgado: @ChrisMejia23 bring me some KFC ğŸ˜Œâ¤ï¸,Neutral,Excited,Unspecified
Really want a KFc rn,Slightly Positive,Excited,Unspecified
â€œ@kfc: #NewYearsResolution: save more time for family dinner. http://t.co/KGwKjilDNVâ€ğŸ˜³..................................................2008,Slightly Positive,Satisfied,Unspecified
Are KFC's edible coffee cups really a good idea? We made some to find out. http://t.co/XrCEQOkWEI â€¦ via @BrowBeat,Slightly Negative,Dissatisfied,Edible coffee cup
"I just entered the PEOPLE KFC Nuggets of Wisdom Sweepstakes. Enter and I may even get a bonus entry thx! See Rules https://t.co/pskJV2LZKb",Slightly Positive,Satisfied,Unspecified
Surely kfc are taking the piss out my life right now,Very Negative,Angry,Unspecified
"FUCK YEAH I GOT A CRIMINAL RECORD *smooth criminal blasts an i bust out sick mj moves* ""congrats sir u are now manager of this kfc/taco bell",Very Negative,Angry,Unspecified
I'm glad @karrueche broke up with @chrisbrown so now she can work full time at KFC instead of part time,Neutral,Happy,Unspecified
where is my mom i need to ask her for money for kfc,Neutral,Excited,Unspecified
@jak_heer He's eating KFC dog,Very Negative,Disgust,Unspecified
@kfc why u scam me out of my cookie.  ğŸ˜ ,Very Negative,Dissatisfied,Poor customer service
All I want is some KFC ğŸ˜«,Slightly Positive,Excited,Unspecified
KFC Nuggets of Wisdom Sweepstakes http://t.co/hvu8s5xaHZ,Neutral,Satisfied,Unspecified
Excited for Jonathan to get out of school bc we're finally getting the KFC i've been craving!!,Highly Positive,Excited,Unspecified
KFC's mashed potatoes and gravy is hitting the spot right now. ğŸ˜ğŸ‘Œ,Slightly Positive,Satisfied,Unspecified
Wizkid and his many TwitterÂ battles http://t.co/rpAFjKAeih,,,Unspecified
"â€œ@kfc: This week on Nugget Talk with Griffin and Jeffrey we discuss â€œsolidness.""",,,Unspecified
Kfc little chicken snacks be hitting,Neutral,Excited,Unspecified
Imagine she fights Faber.....not even the champ. She'd catch the KFC family bucket.,Neutral,,Unspecified
"I just entered the PEOPLE KFC Nuggets of Wisdom Sweepstakes. Enter and I may even get a bonus entry thx! See Rules https://t.co/YezS6Eouwa",Neutral,,Unspecified
@skatemaloley @jackgilinsky @mackcaniff its kfc,Neutral,Excited,Unspecified
This KFC is so clutch right now ğŸ˜ğŸ— #TypicalAfricanAmerican ğŸ˜‚,Neutral,Dissatisfied,Unspecified
"""@kfc: This week on Nugget Talk with Griffin and Jeffrey we discuss â€œsolidness.""",Neutral,,Unspecified
"If your boyfriend only wants you for your breast thighs and legs; Send him to KFC. You're a lady not a cheap value meal.",Very Negative,Dissatisfied,Unspecified
â€œ@ScouserDredgie: Rooney enjoying a KFC on his day off.......... http://t.co/skV9mFNOR7â€@didsza69,Slightly Positive,,Unspecified
Breaking news' (satire) #ChickenDave is being sponsored by KFC! http://t.co/ydPl6CCkCp,Neutral,,Unspecified
"RT @Louis_Tomlinson: ITS OFFICIAL IN AMERICA KFC DON'T HAVE KRUSHEMS IM OUTRAGED !",Slightly Negative,Dissatisfied,KRUSHEMS not available
GoodmorningğŸ˜ŠğŸ˜Š Home from plp and kfcğŸ˜‰ #vsco #vsvophile http://t.co/uVrPvpOEQW,Neutral,,Unspecified
Those breasts are straight from KFC,Neutral,,Unspecified
@Dibyendu_Saha Use the @Niffler_in app to get updates on deals from KFC. http://t.co/mVSSJ83TCt,Neutral,,Unspecified
@G_tspeedMfs MFS shouldn't have quit KFC if they were gonna be stunting on their bitch for a 5 dollar box of fruit snacks lmaoo ğŸ’€ğŸ’€ğŸ’€,Slightly Negative,Dissatisfied,Unspecified
Follow Kfc Cricket to,Neutral,,Unspecified
KFC for lunchğŸ˜Œ,Neutral,Satisfied,Unspecified
"@HyrulesHomo *5 mins later* ""i'm a kfc trash [insert oriental bento photo here]""",Slightly Negative,Dissatisfied,Unspecified
Forever daddy's girl. Before he left for work he got me KFC cause I told him I was craving for it. #littlethings,Neutral,Happy,Unspecified
I really want some KFC right now,Highly Positive,Satisfied,Unspecified
Bouta eat some kfc,Neutral,Excited,Unspecified
welkam RT @.Kfcroleplayerr: [V] @bangmena Welcome to KFCROLEPLAYER. Put Kfc in your bio/location. and here your special combo :) -I.M,Neutral,,Unspecified
"@PrestonLizzie i know where kfc is and burger king not sure  about pizza hut or dominos mc donalds ğŸ˜­",Neutral,,Unspecified
RT @chavilicious: S/O to @Hailey_Lester95 for hooking me and @Clover442 with that free KFC ğŸ‘ŒğŸ‘ŒğŸ‘ŒğŸ”¥ğŸ”¥ğŸ’¯ğŸ’¯ğŸ˜­ğŸ™ http://t.co/s4aUuqwmZE,Slightly Positive,Happy,Unspecified
@Exo_Kuvir not kfc,Neutral,,Unspecified
RT @tombartley_: I went out the room to make a drink and came back to find my 21 y.o sister had dressed the dog in my kfc uniform http://t.â€¦,Neutral,Satisfied,Unspecified
RT @BlackCheesePie: 2025: KFC has replaced all buns with fried chicken. The tables in the restaurant are now chicken. Employees are replaceâ€¦,Neutral,,Unspecified
RT @DJ_Homewrecker: YOU CANT ACT HARD WHILE ORDERING POPCORN NUGGETS AT KFC.,Neutral,Happy,Unspecified
